county,fips,enroll,ma,om,dual,a75,a85,ffs_benes,nh_fac,nh_bed,nh_res,sl_bed,mc_bed,alf_bed,alf_fac,mc_fac,sl_fac,pch_bed,pch_fac,ma_pct,dual_pct,enroll_p,a75_p,g5_enroll,g5_a75,avg_age,feml_pct,wht_pct,blk_pct,hsp_pct,pc,pc_std,tot_amt,ip_pct,ip_stays,ip_days,ip_per_user,readmit,er,er_pct,op_pct,op_visits,snf_pct,snf_stays,snf_days,snf_per_user,irf_pct,irf_stays,ltch_pct,ltch_stays,hh_pct,hh_eps,hh_visits,hh_per_user,hospc_pct,hospc_stays,hospc_days,em_pct,em_events,dme_pct,dme_events,tests_pct,imgng_pct,fqhc_pct,fqhc_visits,amblnc_pct,amblnc_events,pc_ip,pc_op,pc_asc,pc_snf,pc_irf,pc_ltch,pc_hh,pc_hospc,pc_em,pc_prcdrs,pc_tests,pc_imgng,pc_dme,pc_op_dlys,pc_fqhc_rhc,pc_amblnc,pc_trtmnts,home_pc,acute_pc,inst_pc,eol_pc,sl_per1k,nh_per1k,per_bed,mc_share,nh_occ,bed_gap
Harris,48201,650590,391222,259368,99671,248585,57951,185604,97,11621,8125.4,11450,3195,8255,276,110,276,0,0,0.6013,0.1532,562967,193355,0.1556,0.2856,73.0,0.5443,0.6623,0.1201,0.1296,16513.9,15238.52,3065044987.0,0.1432,237.6888,1334.9281,32547.06,0.1925,573.6891,0.283,0.5911,4079.605,0.0257,35.4626,925.8206,20014.7,0.0259,32.1706,0.0029,3.2057,0.0888,420.8099,3533.3506,8724.78,0.0315,34.0941,2946.402,0.8737,18593.387,0.2446,1465.5234,0.8175,0.7438,0.013,55.2413,0.121,409.905,4659.25,2399.15,189.39,515.24,858.43,164.92,774.59,553.43,1527.69,609.58,532.28,462.64,1197.81,345.14,7.33,148.32,1361.64,5863.98,8350.83,1538.59,553.43,46.06,32.69,21.7,0.279,0.6992,-769
Dallas,48113,361018,194653,166365,53449,139212,34390,121940,81,10664,7100.7,6997,1901,5096,192,69,192,0,0,0.5392,0.1481,325213,114009,0.1101,0.2211,74.0,0.5521,0.6739,0.1424,0.1122,15464.9,14714.67,1885789851.0,0.1461,234.6482,1293.2754,28103.16,0.1847,570.1329,0.2771,0.5492,3240.9136,0.0348,47.8104,1359.111,20557.36,0.0279,34.3776,0.0021,2.2306,0.11,532.967,4008.414,8435.76,0.0358,38.3713,3605.3141,0.8932,18836.2965,0.2358,1400.41,0.8337,0.7597,0.0081,25.7176,0.1252,323.2163,4105.54,1721.28,224.23,715.82,865.56,101.51,927.56,666.02,1479.02,597.41,524.44,338.37,1000.15,333.5,3.54,123.99,1412.46,5685.54,7105.95,1682.89,666.02,50.26,51.01,19.9,0.2717,0.6659,-1016
Bexar,48029,335488,193802,141686,55355,130598,31927,111231,62,7679,5312.1,5177,1451,3726,148,43,148,0,0,0.5777,0.165,301645,104347,0.1122,0.2516,73.0,0.5434,0.5837,0.0757,0.2918,13340.57,13333.2,1483884687.0,0.1332,208.548,1074.0171,23888.21,0.1788,517.3917,0.2649,0.3942,1829.6968,0.0301,40.5822,1156.4852,18915.1,0.0284,35.7185,0.0032,3.668,0.0936,308.6729,2418.022,5548.44,0.0419,46.1112,4897.3488,0.8672,17008.6307,0.2291,1332.2006,0.7924,0.7203,0.0212,73.1091,0.1181,307.8998,3180.84,1003.27,282.15,569.0,792.44,131.74,519.22,816.49,1315.53,547.89,531.63,341.18,997.8,272.45,9.67,112.42,1619.67,5334.7,5399.02,1493.18,816.49,39.64,40.68,25.2,0.2803,0.6918,434
Tarrant,48439,318003,175699,142303,38752,123464,29372,105015,71,8956,6068.8,7395,2076,5319,144,65,144,0,0,0.5525,0.1219,279833,98174,0.1364,0.2576,73.0,0.545,0.7676,0.0895,0.0836,15140.47,14555.75,1589976299.0,0.153,249.7548,1255.2302,25560.09,0.1876,657.3537,0.3044,0.4915,2632.1478,0.0309,42.0416,1221.8635,21516.68,0.0317,38.8421,0.0016,1.6379,0.1044,423.6252,3533.4952,7479.99,0.0359,38.7183,3304.8517,0.9074,18647.1933,0.2471,1508.6226,0.8486,0.7743,0.0086,34.795,0.1333,303.3757,3910.62,1568.25,305.5,665.08,960.03,69.54,780.59,611.38,1458.34,653.19,576.48,372.73,819.23,302.1,5.01,127.98,1657.68,5670.06,6867.64,1694.65,611.38,59.9,49.15,16.7,0.2807,0.6776,-2090
Travis,48453,157653,75127,82526,15951,63010,14479,65240,28,3203,2558.8,4985,1215,3770,73,34,73,0,0,0.4765,0.1012,140609,46937,0.1212,0.3424,73.0,0.5357,0.7576,0.0558,0.1115,13269.48,12993.0,865700846.0,0.1286,197.9307,1005.9166,23975.01,0.1683,499.1416,0.261,0.4669,2481.5451,0.0253,33.5071,958.9516,19545.63,0.0249,30.1655,0.0016,1.7167,0.0957,359.0129,2518.2097,6690.55,0.0359,38.1974,3802.008,0.9058,16369.5279,0.2133,1250.5058,0.8429,0.7571,0.0346,151.5175,0.1118,243.1484,3082.87,1413.0,366.09,494.03,767.67,79.23,640.34,686.46,1310.91,598.28,487.19,328.58,646.99,167.16,23.44,102.85,1816.19,5253.64,5730.25,1340.93,686.46,79.11,40.61,12.6,0.2437,0.7989,-2278
Collin,48085,155600,66375,89224,12166,66389,15532,69501,22,2640,1933.2,4420,1763,2657,124,56,124,0,0,0.4266,0.0782,124598,47040,0.2488,0.4113,74.0,0.5581,0.7995,0.045,0.0437,14260.56,14293.12,991122969.0,0.143,225.5939,1085.2506,21878.09,0.1747,528.496,0.2739,0.5709,3438.7994,0.0252,34.5894,1007.079,21742.16,0.035,44.1432,0.0015,1.6259,0.1043,403.7496,3072.1428,7002.28,0.0325,35.165,3434.7707,0.9314,19827.0672,0.2575,1509.1006,0.8892,0.8098,0.0103,34.0858,0.1176,258.3416,3129.31,1723.46,318.03,546.83,1051.37,73.23,730.34,627.71,1536.16,674.92,581.17,404.53,636.43,158.72,4.41,101.63,1730.52,5623.56,6106.07,1671.43,627.71,66.58,29.12,15.0,0.3989,0.7323,-1568
El Paso,48141,151040,110431,40609,42903,58645,15757,28847,22,2585,1896.5,965,196,769,31,8,31,0,0,0.7311,0.2841,133333,49370,0.1328,0.1879,73.0,0.5242,0.3916,0.0509,0.5173,11620.84,11301.41,335226344.0,0.1272,205.3593,1092.3493,27027.76,0.1905,547.5786,0.2629,0.4,1798.1766,0.0282,38.7215,1245.2248,20673.22,0.0194,21.874,0.0018,2.0453,0.0969,454.5013,4104.3089,7113.95,0.0326,34.0417,3082.0883,0.7788,14509.0997,0.2134,1374.909,0.6883,0.6265,0.019,66.9394,0.1128,274.3786,3438.55,998.01,172.47,583.35,555.46,81.09,689.03,509.53,1086.14,394.1,446.18,300.01,600.29,309.98,8.27,106.16,1217.98,4347.9,5419.27,1219.9,509.53,16.45,32.34,60.8,0.2031,0.7337,1555
Denton,48121,131857,58775,73083,9786,53270,11495,56198,18,1957,1334.7,3586,1068,2518,109,41,109,0,0,0.4457,0.0742,103783,36573,0.2705,0.4565,73.0,0.557,0.8226,0.0461,0.0509,14009.73,13985.53,787318848.0,0.1411,221.7161,1053.5962,22771.1,0.1739,564.0592,0.2875,0.543,2912.1321,0.0243,33.1506,935.9408,20159.8,0.031,38.1152,0.0015,1.6549,0.1005,393.6617,3067.6181,7064.44,0.0354,38.2398,3673.9208,0.9262,18445.87,0.2567,1578.5437,0.8837,0.7924,0.0109,57.4576,0.1218,280.3125,3214.0,1699.68,286.97,490.38,900.36,64.79,709.99,671.36,1412.8,688.76,581.89,369.61,663.35,146.3,8.53,113.58,1731.34,5477.51,6149.29,1455.53,671.36,67.32,25.06,14.9,0.2978,0.682,-1297
Fort Bend,48157,131593,71911,59681,14976,50312,10357,43584,15,1512,1145.2,2936,1064,1872,92,32,92,0,0,0.5465,0.1138,100642,32328,0.3075,0.5563,73.0,0.5455,0.5714,0.132,0.0882,14968.51,14350.09,652387568.0,0.1296,213.9088,1095.0808,28775.17,0.1881,543.7316,0.2714,0.6261,4327.4137,0.0207,27.7395,739.308,20112.33,0.022,26.0417,0.0025,2.9139,0.0826,382.2504,3275.6516,8652.18,0.0274,30.2405,2697.0218,0.9071,17820.9205,0.259,1579.1116,0.8582,0.7716,0.0129,42.0797,0.1069,361.5547,3728.94,2440.55,200.16,417.16,690.44,163.51,714.46,500.49,1422.87,583.97,514.41,362.18,1223.96,273.87,5.79,129.08,1410.45,5654.12,7356.57,1271.11,500.49,58.36,22.76,17.1,0.3624,0.7574,-774
Hidalgo,48215,122965,93236,29729,46128,49207,12082,21317,22,2772,2169.7,378,132,246,16,4,16,0,0,0.7582,0.3751,107815,39734,0.1405,0.2384,73.0,0.5155,0.3485,0.0054,0.6216,13396.96,13313.13,285583060.0,0.1488,246.1416,1286.8133,27349.11,0.1998,623.2584,0.2956,0.5505,3330.5343,0.0299,40.3903,1296.4301,20840.92,0.0233,27.0676,0.0032,3.2369,0.0845,498.8038,4682.3193,9142.74,0.0377,41.1878,4029.6477,0.7957,16242.8578,0.2165,1378.3365,0.7174,0.6289,0.024,80.3115,0.1357,1048.3652,4068.3,1634.22,104.04,623.75,662.04,126.23,772.87,641.57,1245.32,435.38,368.73,218.57,611.5,465.29,10.76,270.37,801.28,4029.03,6977.6,1412.02,641.57,7.68,44.09,130.2,0.3492,0.7827,1736
Montgomery,48339,118481,61525,56956,9116,46726,10302,45457,12,1673,1008.0,2236,791,1445,89,32,89,0,0,0.5193,0.0769,93062,32886,0.2731,0.4208,73.0,0.5417,0.8661,0.028,0.0601,15617.12,15011.66,709907628.0,0.1448,233.5174,1144.6642,26674.31,0.168,560.6617,0.2814,0.611,3774.4682,0.02,26.8825,640.6274,18463.47,0.0303,39.0039,0.0011,1.2319,0.081,324.7465,2657.9625,7454.19,0.0337,36.474,3234.6173,0.9166,18061.1347,0.264,1535.2311,0.8668,0.7808,0.0178,64.6545,0.1281,320.0607,3863.51,2431.77,343.89,368.4,998.95,50.83,603.46,606.31,1457.67,693.62,647.49,436.6,1104.68,131.05,9.16,131.23,1614.11,5873.17,7595.07,1418.18,606.31,47.85,21.57,20.9,0.3538,0.6025,-228
Williamson,48491,102835,48042,54794,6604,44071,9887,44018,15,1805,1450.4,3251,1083,2168,60,38,60,0,0,0.4672,0.0642,83237,30948,0.2354,0.424,74.0,0.5567,0.8272,0.0356,0.0761,13316.95,13364.27,586185576.0,0.1286,195.6018,923.0996,22423.2,0.1556,533.0774,0.2805,0.6136,5422.5544,0.0235,30.2603,781.0896,17830.14,0.0281,35.0766,0.0014,1.5448,0.0985,346.1084,2495.2519,6413.33,0.0336,36.0534,3465.6959,0.9243,15870.8029,0.2539,1534.8494,0.8143,0.7796,0.0225,79.9219,0.1184,255.6,2882.75,1994.54,370.75,419.24,852.9,64.56,631.6,622.67,1213.03,610.75,464.51,311.87,825.28,147.7,11.12,108.35,1625.44,5082.85,6114.84,1336.7,622.67,73.77,32.91,13.6,0.3331,0.8035,-1357
Cameron,48061,72246,52540,19707,25021,29008,7140,14915,14,1673,1336.4,328,34,294,7,1,7,0,0,0.7272,0.3463,65459,23953,0.1037,0.211,73.0,0.5198,0.3956,0.005,0.5767,13730.16,13938.34,204785273.0,0.1582,262.8897,1479.9195,24422.76,0.2029,603.3523,0.2925,0.4998,2303.3188,0.0434,60.0067,1631.7801,19134.2,0.0221,24.5391,0.0109,13.0741,0.1081,596.2454,4949.648,8304.41,0.039,42.1723,3693.1277,0.8102,17300.9722,0.2162,1339.8592,0.76,0.6568,0.085,334.4955,0.1262,407.0399,3862.78,1149.55,97.63,831.31,572.01,456.25,897.53,585.87,1305.57,499.01,431.45,256.98,615.65,490.35,44.0,136.54,991.3,4542.48,6235.86,1859.57,585.87,11.31,46.07,88.4,0.1037,0.7988,918
Galveston,48167,69055,38321,30734,6983,25938,6055,23544,12,1478,987.1,1385,362,1023,30,11,30,0,0,0.5549,0.1011,57969,19717,0.1912,0.3155,73.0,0.5329,0.7927,0.0773,0.0862,16293.53,14980.65,383614798.0,0.1542,255.0968,1350.4077,31425.08,0.1868,563.2433,0.2883,0.7096,7119.7333,0.0266,36.5274,1018.1363,20818.0,0.0321,40.3075,0.0031,3.3979,0.0834,360.3891,2815.7068,8043.87,0.036,38.736,2928.262,0.8925,19539.6704,0.2477,1510.4485,0.7604,0.7518,0.0174,75.4757,0.1305,321.9504,4846.43,2985.23,144.22,554.4,1069.21,137.68,671.01,558.35,1496.2,599.48,428.94,361.4,886.93,241.52,9.7,130.25,978.9,4833.08,8947.13,1761.29,558.35,53.4,38.06,18.7,0.2614,0.6679,-271
Nueces,48355,66715,42934,23781,11926,24788,5999,18398,14,1745,1182.7,899,162,737,12,6,12,0,0,0.6435,0.1788,61041,20746,0.093,0.1948,72.0,0.5207,0.614,0.0283,0.3179,14285.8,13625.07,262830169.0,0.1335,214.3168,1199.0434,27117.16,0.1866,598.2716,0.2806,0.3854,1893.4123,0.0319,43.1025,1167.029,19321.45,0.0376,49.1358,0.0067,7.1203,0.114,535.3299,3907.1638,8023.26,0.0427,47.2877,4463.2569,0.8874,16740.1892,0.228,1288.0748,0.8341,0.7515,0.0247,80.5522,0.1393,490.7599,3621.42,1373.63,275.84,616.46,1274.62,328.55,914.49,808.62,1246.34,574.4,431.61,366.26,552.89,309.46,11.06,176.18,1229.84,4752.49,6330.93,2219.63,808.62,36.27,47.71,27.6,0.1802,0.6778,166
Brazoria,48039,63263,36292,26971,6639,23432,5312,20373,13,1510,1044.6,1159,299,860,30,11,30,0,0,0.5737,0.1049,50818,17496,0.2449,0.3393,72.0,0.5439,0.7182,0.1057,0.1146,16293.62,15148.67,331949949.0,0.1496,244.7848,1326.8542,30826.7,0.1944,606.3417,0.2949,0.6362,4621.8034,0.0297,40.2984,1149.1189,21055.7,0.0253,31.5123,0.0026,2.7487,0.088,384.8721,3077.5045,8353.9,0.0336,36.3226,3076.9155,0.8795,18447.8476,0.2441,1529.328,0.7999,0.7456,0.0385,245.3247,0.1302,392.5784,4611.98,2575.52,170.09,626.31,812.05,139.66,735.22,585.68,1463.42,588.46,481.01,380.47,1202.89,310.23,25.94,170.76,1138.89,5427.84,8427.04,1578.02,585.68,49.46,44.58,20.2,0.258,0.6918,-152
Bell,48027,63231,32606,30624,8104,21742,4936,24793,16,1810,1283.8,613,124,489,10,4,10,0,0,0.5157,0.1282,53810,16521,0.1751,0.316,71.0,0.5192,0.6201,0.1887,0.1223,11683.92,11180.65,289679537.0,0.1222,197.2331,964.5868,26240.56,0.1893,510.023,0.2502,0.7483,9154.3178,0.0276,37.2686,985.1571,19380.69,0.0181,22.466,0.0016,1.7344,0.0842,350.5425,2246.4809,7310.93,0.0314,34.2839,3150.849,0.8378,12610.3739,0.214,1447.828,0.6111,0.6709,0.0217,74.1338,0.1144,272.9399,3205.85,2825.48,274.54,535.46,566.56,73.21,615.71,568.96,915.45,382.32,212.04,143.44,471.9,191.84,10.42,114.79,410.74,2779.7,6994.82,1175.23,568.96,28.19,59.05,35.5,0.2023,0.7093,321
Lubbock,48303,53583,27587,25996,7233,20513,5163,21356,15,1752,1149.9,1274,215,1059,49,7,49,0,0,0.5148,0.135,47656,17184,0.1244,0.1937,73.0,0.545,0.8196,0.0308,0.1181,14175.96,14108.62,302741890.0,0.1358,207.5763,1064.1506,24693.3,0.1756,537.3197,0.281,0.6868,4395.1114,0.0274,37.3197,993.1167,18371.39,0.0407,52.3975,0.001,1.0302,0.0988,434.9129,3688.9867,7386.56,0.0457,49.0729,5945.6359,0.9047,16549.6348,0.2667,1807.4078,0.7969,0.7544,0.0352,123.4782,0.0667,122.7758,3353.18,2554.58,232.11,503.24,1213.99,44.31,729.46,963.28,1199.02,534.34,320.78,200.45,629.02,246.63,16.82,47.99,1085.33,4180.88,6968.83,1761.54,963.28,62.11,56.06,16.1,0.1688,0.6563,-393
Smith,48423,52159,25291,26868,5647,21745,5611,23014,17,1985,1417.8,1191,309,882,20,8,20,0,0,0.4849,0.1083,46786,18071,0.1148,0.2033,74.0,0.5471,0.8656,0.0664,0.0415,14087.1,14409.56,324200464.0,0.1421,222.2126,1058.2689,22232.9,0.1782,754.4973,0.3516,0.8288,8348.3097,0.0305,42.9738,1360.8238,21066.96,0.0347,40.0191,0.0027,2.8678,0.1178,482.2282,3519.6837,6811.28,0.0392,41.8875,3647.3016,0.93,17099.2874,0.2832,1914.1827,0.8026,0.7972,0.0342,103.676,0.1608,338.4462,3159.02,3129.76,109.65,642.61,794.13,119.7,802.06,657.46,1196.62,589.97,403.22,199.72,624.39,155.84,13.13,146.56,1042.73,4281.87,7290.8,1556.44,657.46,54.77,65.2,18.3,0.2594,0.7143,-257
McLennan,48309,49794,26530,23264,7050,19221,4831,18231,18,2414,1517.9,1050,276,774,15,10,15,0,0,0.5328,0.1416,45276,15994,0.0998,0.2018,73.0,0.5454,0.7969,0.0842,0.0876,13269.71,13151.23,241920033.0,0.1404,215.4023,1058.1427,23079.56,0.1659,525.0946,0.2656,0.6969,5523.5039,0.0352,48.05,1447.699,20425.65,0.0265,31.7591,0.0013,1.3713,0.0815,329.768,2306.2915,7025.3,0.0395,41.3033,3784.8719,0.8902,14887.2251,0.243,1522.7909,0.8274,0.7652,0.1055,550.6555,0.1355,306.0172,3239.57,2131.47,230.74,718.16,793.78,72.16,572.24,683.08,1140.75,478.04,414.78,268.97,518.77,149.35,87.73,134.42,996.81,4000.05,6363.59,1584.1,683.08,54.63,78.97,18.3,0.2629,0.6288,-224
Comal,48091,46671,20634,26037,2472,18339,4101,21981,6,816,664.9,872,307,565,16,11,16,0,0,0.4421,0.053,35281,12518,0.3228,0.465,73.0,0.5287,0.8459,0.0238,0.0953,12207.35,12388.0,268329789.0,0.1147,170.6474,763.1136,21951.11,0.1576,503.3438,0.266,0.5037,2547.0634,0.0232,29.844,867.8859,18334.81,0.027,32.0732,0.0025,2.9116,0.0819,245.3483,1748.2371,5126.17,0.0355,38.2148,3919.2029,0.9223,16046.8132,0.2293,1396.4333,0.8609,0.7719,0.0138,78.5679,0.1114,239.616,2518.57,1426.37,357.05,424.57,734.06,101.92,419.78,659.25,1199.81,643.7,495.61,329.36,877.48,88.44,13.14,101.86,1573.49,4908.67,5135.99,1260.55,659.25,47.55,36.26,21.0,0.3521,0.8148,-84
Jefferson,48245,45986,27202,18784,7936,17006,4433,15246,14,1745,1057.7,564,100,464,15,5,15,0,0,0.5915,0.1726,43353,15336,0.0607,0.1089,73.0,0.5331,0.6846,0.2006,0.0765,15848.59,15342.66,241627595.0,0.1494,242.3587,1272.8585,26507.35,0.1918,613.9971,0.291,0.6411,4145.284,0.034,49.5212,1520.8579,23022.42,0.0282,34.0417,0.0038,4.1322,0.1049,529.3192,3663.1248,8341.69,0.0451,48.9309,4842.7128,0.881,17151.8431,0.2401,1469.2378,0.8264,0.7328,0.0451,287.0261,0.1518,453.2992,3960.63,2268.83,286.4,782.21,800.06,199.31,874.88,888.68,1236.56,496.13,534.66,412.68,1360.25,297.44,50.39,181.95,1024.67,5494.09,7491.38,1781.58,888.68,33.16,62.2,30.2,0.1773,0.6061,167
Hays,48209,42378,20502,21877,3067,16575,3400,17682,6,727,527.0,1108,358,750,20,11,20,0,0,0.4838,0.0724,31817,10449,0.3319,0.5863,73.0,0.541,0.8092,0.0176,0.1332,13070.62,12909.86,231114614.0,0.1169,173.0008,829.0352,23930.64,0.1525,476.3601,0.2555,0.4951,2584.6058,0.0197,25.8455,656.3172,17285.56,0.0312,39.1924,0.002,2.2622,0.0881,302.7938,2199.3553,6242.41,0.0346,36.0253,3824.3977,0.9188,16173.6794,0.2362,1363.0811,0.8617,0.7689,0.0265,147.5512,0.1137,254.6092,2797.46,1503.91,495.87,341.18,946.1,87.96,550.03,672.56,1268.25,654.43,478.17,335.73,704.06,174.45,30.69,110.81,1627.57,4994.5,5736.93,1375.24,672.56,66.85,31.79,15.0,0.3231,0.7249,-396
Webb,48479,38467,23907,14560,11964,15420,3812,10760,6,762,547.6,0,0,0,0,0,0,0,0,0.6215,0.311,33815,12760,0.1376,0.2085,73.0,0.5394,0.1666,0.0035,0.8133,13437.33,13564.21,144585724.0,0.1449,236.4312,1262.5465,25290.0,0.2064,631.6914,0.3022,0.5313,2746.0967,0.0284,36.6171,1110.5948,17430.62,0.0125,14.4981,0.0057,6.0409,0.1446,989.4052,8208.3643,10011.88,0.0309,33.829,2693.6803,0.7487,13377.974,0.196,1240.7063,0.6726,0.5996,0.0559,191.8216,0.1466,1486.9888,3664.23,1301.79,117.79,495.7,369.6,194.33,1447.81,436.81,1054.81,421.33,314.65,238.59,1586.06,580.61,27.19,393.09,629.7,5298.81,6478.84,1059.63,436.81,0.0,35.51,,,0.7186,663
Johnson,48251,37384,22018,15366,3771,14275,3333,11986,9,1135,737.7,690,210,480,13,8,13,0,0,0.589,0.1009,30934,11039,0.2085,0.2931,73.0,0.5415,0.889,0.0229,0.062,15090.87,14762.42,180879135.0,0.1709,274.5703,1361.1714,23244.45,0.1838,736.7762,0.3366,0.5724,3075.3379,0.0362,50.7258,1552.895,22584.25,0.0313,38.4615,0.0013,1.4183,0.1112,443.2671,4021.4417,7453.87,0.0415,44.1348,3561.4884,0.9037,18624.2283,0.2834,1772.9851,0.8412,0.7753,0.0168,80.6775,0.1437,304.7722,3971.69,1592.5,329.73,817.75,919.52,65.0,828.97,663.1,1456.0,653.64,612.94,355.87,711.09,209.41,9.66,151.09,1445.19,5419.72,6908.06,1802.27,663.1,48.34,51.68,20.7,0.3043,0.65,-77
Ellis,48139,37062,19345,17717,3352,13996,3221,13669,10,1279,825.3,836,178,658,12,5,12,0,0,0.522,0.0904,29405,10080,0.2604,0.3885,73.0,0.5439,0.8061,0.0849,0.0832,14460.24,14258.66,197657056.0,0.1496,235.4964,1197.0151,23308.96,0.1774,628.8682,0.3122,0.5963,3443.9242,0.033,49.016,1389.3482,21530.61,0.0303,37.3839,0.0015,1.6095,0.1031,429.8778,3315.3852,7396.77,0.0384,41.9197,3898.8953,0.9058,19281.074,0.2484,1506.694,0.8537,0.7606,0.0176,57.2829,0.1411,330.8947,3487.22,1970.84,229.52,710.39,909.37,71.71,762.46,703.65,1466.61,575.0,513.63,280.14,747.99,209.19,7.42,155.35,1161.75,4940.0,6627.12,1691.47,703.65,59.73,58.97,16.7,0.2129,0.6453,-235
Guadalupe,48187,33193,15284,17909,3022,12879,2969,15126,8,976,663.2,436,74,362,10,3,10,0,0,0.4605,0.091,27824,9794,0.193,0.315,73.0,0.5315,0.7101,0.0833,0.1665,13001.21,13254.29,196656250.0,0.1204,183.9878,804.7071,21155.0,0.1739,527.8329,0.2768,0.5288,3211.3579,0.0254,33.1218,1098.8364,20349.51,0.0318,38.5429,0.003,3.4378,0.0904,278.7915,2017.1889,5216.92,0.0347,37.4851,3559.1035,0.8924,16647.3622,0.2398,1538.2123,0.8109,0.7354,0.0198,80.2592,0.1208,273.8331,2546.82,1322.49,307.41,516.61,885.39,124.48,471.82,598.68,1251.71,578.49,454.41,283.86,1807.71,189.1,12.92,115.25,1343.93,5626.36,5059.56,1526.48,598.68,33.85,51.49,29.5,0.1697,0.6795,117
Grayson,48181,33179,15290,17889,3364,12858,2923,15105,11,1354,787.7,633,101,532,13,4,13,0,0,0.4608,0.1014,29354,10525,0.1303,0.2217,73.0,0.5476,0.9111,0.0286,0.0251,15276.88,15636.96,230757317.0,0.1682,277.3916,1441.1122,22517.79,0.1928,675.0745,0.3272,0.6066,2948.4939,0.0389,57.5306,1641.5094,20514.03,0.0302,35.4849,0.005,5.1639,0.1099,485.005,3537.0407,7071.55,0.0448,50.2483,5108.2423,0.9124,20138.9606,0.2559,1732.5389,0.8564,0.767,0.0287,76.7958,0.146,341.2115,3786.51,1784.65,228.97,798.56,774.65,149.91,777.14,858.75,1537.26,666.71,570.69,377.76,895.49,139.83,12.27,153.6,1481.49,5652.1,6760.27,1723.12,858.75,49.23,61.26,20.3,0.1596,0.5818,-81
Parker,48367,33096,14750,18346,2277,12985,2809,15267,9,986,703.6,548,89,459,11,4,11,0,0,0.4457,0.0688,27075,9540,0.2224,0.3611,73.0,0.5361,0.936,0.0069,0.031,13963.36,13570.45,213178557.0,0.1478,235.0167,1128.5125,24165.73,0.1825,653.5665,0.3181,0.5837,2503.8973,0.0295,44.9335,1326.5868,25255.97,0.0253,29.9338,0.001,1.048,0.0941,367.9832,2681.4698,6956.83,0.0364,38.3179,3708.7837,0.9274,16794.5241,0.2544,1754.6342,0.8718,0.7901,0.0552,284.4698,0.1241,270.4526,3570.96,1580.97,279.47,744.43,699.3,50.03,654.35,670.15,1301.16,724.59,603.92,364.32,657.82,127.23,34.41,134.89,1505.67,5121.65,6418.11,1493.76,670.15,42.2,54.19,23.7,0.1624,0.7136,10
Brazos,48041,29894,14855,15038,2870,12307,3162,11603,7,752,534.5,881,196,685,14,7,14,0,0,0.4969,0.096,24777,9355,0.2065,0.3156,73.0,0.538,0.8005,0.0593,0.0999,12793.1,12813.58,148438393.0,0.1413,213.7378,1003.4474,23141.27,0.1688,511.4195,0.2654,0.734,5877.5317,0.0292,39.3002,1067.9997,18685.11,0.0318,37.3179,0.001,1.2066,0.0907,353.6154,2883.1337,6749.09,0.0344,36.1975,2977.1611,0.9098,15890.6317,0.2461,1572.6967,0.7426,0.7712,0.0302,98.7676,0.1253,312.2468,3270.85,2106.68,172.71,545.91,853.22,81.11,611.91,527.82,1170.77,513.2,294.13,270.75,623.39,224.74,14.32,130.86,1132.89,4118.16,6419.04,1480.24,527.82,71.59,43.43,14.0,0.2225,0.7108,-352
Gregg,48183,28601,14910,13691,4150,10692,2778,11588,12,1438,917.5,612,151,461,11,6,11,0,0,0.5213,0.1451,24756,8982,0.1553,0.1904,73.0,0.553,0.8456,0.0918,0.0358,15478.42,15452.23,179363961.0,0.161,250.863,1220.4867,23404.79,0.1715,770.3659,0.3618,0.7178,5582.8443,0.036,49.7929,1486.1063,20704.65,0.0299,35.0362,0.0031,3.3656,0.1291,588.7125,3975.0604,7878.2,0.0422,46.8588,4631.6017,0.9115,16127.632,0.2835,1845.271,0.8303,0.7692,0.0449,127.5457,0.164,362.4439,3768.84,2489.02,101.34,745.07,908.7,161.23,1017.07,825.98,1177.44,521.29,432.19,239.24,1259.5,172.61,15.52,153.51,1156.36,5297.32,7206.61,1815.0,825.98,57.24,85.81,17.5,0.2467,0.638,-153
Taylor,48441,28129,11805,16324,3976,10894,2918,13824,12,1183,784.6,489,126,363,11,3,11,0,0,0.4197,0.1413,25119,9526,0.1198,0.1436,73.0,0.5404,0.839,0.0347,0.0939,14685.27,14594.44,203009175.0,0.1745,276.9097,1430.4832,21654.31,0.1711,686.2703,0.3427,0.7504,5908.4201,0.0383,54.1088,1635.923,21954.54,0.0428,55.1215,0.0039,4.0509,0.1138,505.787,4123.9149,7600.49,0.0424,44.0538,3815.3212,0.9136,17402.3438,0.2786,1689.5978,0.7737,0.7762,0.0588,358.1453,0.1336,262.2251,3778.23,2303.49,315.71,841.72,1324.09,148.64,864.84,712.63,1282.94,511.03,351.68,212.63,502.97,205.03,44.63,118.19,861.73,4121.42,7231.68,2314.45,712.63,44.89,72.02,22.3,0.2577,0.6632,-21
Kaufman,48257,27158,14351,12808,3363,9498,2097,9984,8,854,517.7,183,32,151,3,1,3,0,0,0.5284,0.1238,21280,6946,0.2762,0.3674,72.0,0.5447,0.8206,0.0892,0.06,15120.79,14827.09,150965950.0,0.1524,244.6915,1264.3229,26081.24,0.195,690.8053,0.3077,0.5861,3228.4655,0.0366,51.5825,1486.6787,22304.27,0.0199,24.1386,0.0029,3.0048,0.1032,472.0553,3598.5577,7738.2,0.0375,40.3646,3905.2484,0.8979,17872.8966,0.2482,1604.5673,0.8516,0.749,0.0557,176.883,0.146,380.5088,3975.93,1810.06,243.89,815.41,603.42,140.39,798.31,696.61,1361.33,598.49,523.5,303.6,1057.35,240.72,20.22,210.92,1288.04,5352.35,7080.01,1559.22,696.61,19.27,54.51,51.9,0.1749,0.6062,225
Randall,48381,26908,10536,16373,1942,10639,2574,13702,3,346,262.4,217,82,135,6,2,6,0,0,0.3916,0.0722,23540,8855,0.1431,0.2015,73.0,0.551,0.8975,0.0106,0.0606,12632.23,13127.65,173086813.0,0.1421,212.5967,1061.013,20023.54,0.1688,506.1305,0.273,0.581,2979.857,0.0342,47.2194,1001.6786,14092.66,0.0253,28.9739,0.0012,1.3137,0.0894,340.7532,2960.0058,6459.55,0.0374,38.8994,3422.1282,0.9184,17816.8151,0.291,1798.0587,0.8739,0.793,0.0322,101.518,0.1122,203.401,2845.27,1610.26,500.75,482.37,592.74,39.33,577.5,557.74,1247.86,564.61,488.79,444.31,369.95,141.02,15.12,100.04,1872.04,5015.57,5761.95,1114.44,557.74,20.4,24.66,49.0,0.3779,0.7584,240
Wichita,48485,26831,9656,17175,3996,9845,2646,15254,10,1103,841.1,399,30,369,6,1,6,0,0,0.3599,0.1489,24950,8879,0.0754,0.1088,73.0,0.5434,0.8388,0.0511,0.0709,16650.16,16644.0,253981600.0,0.1664,263.603,1140.6844,22684.1,0.1767,629.6053,0.3154,0.6296,3290.0223,0.0423,57.7553,1681.0017,25026.06,0.0431,55.4609,0.0035,4.1301,0.1573,975.613,6805.5592,9781.97,0.0501,52.0519,4890.0616,0.9096,18068.1788,0.2893,1929.0022,0.8151,0.7734,0.163,654.1235,0.1402,281.1066,3775.73,1764.38,289.79,1059.84,1334.17,157.14,1538.41,944.47,1370.77,502.05,441.65,278.77,781.3,200.79,127.17,129.23,1683.45,6221.52,6661.97,2551.15,944.47,40.53,85.43,24.7,0.0752,0.7626,24
Tom Green,48451,24375,11595,12780,3196,9874,2623,11196,8,869,452.6,350,150,200,8,5,8,0,0,0.4757,0.1311,22373,8505,0.0895,0.161,73.0,0.5298,0.7788,0.0197,0.1771,13404.29,13850.43,150074474.0,0.1628,253.1261,1268.7567,18591.48,0.1628,596.0164,0.3082,0.8601,6845.8378,0.0336,43.1404,1287.0668,23421.28,0.0375,45.4627,,,0.1008,420.8646,3111.2004,6293.66,0.0427,46.0879,4693.194,0.9118,13848.0707,0.2491,1589.4962,0.86,0.762,0.048,182.1186,0.1352,260.9861,3027.18,3614.74,47.5,786.57,836.55,,634.09,749.65,1155.24,545.14,269.71,175.44,398.41,194.06,28.09,122.22,601.98,3262.96,7550.84,1623.12,749.65,35.45,45.84,28.2,0.4286,0.5208,74
Henderson,48213,22415,11724,10691,2784,8745,2035,9271,6,668,430.2,358,53,305,6,2,6,0,0,0.523,0.1242,21121,7664,0.0613,0.141,73.0,0.5337,0.9233,0.0237,0.031,13862.52,13946.19,128519410.0,0.1458,226.6206,1054.1473,22055.44,0.1695,719.232,0.3413,0.765,6365.3328,0.0345,47.2441,1436.5225,20597.12,0.0214,24.0535,0.0023,2.2651,0.1189,515.5862,3772.3007,6827.95,0.0417,44.1161,4426.3833,0.9079,15018.6603,0.257,1923.8486,0.8048,0.7835,0.1838,566.9291,0.1573,374.8247,3216.37,2887.57,156.51,710.93,521.61,79.94,811.61,740.77,1101.62,564.4,429.48,212.45,668.09,126.88,58.63,231.92,932.69,4214.57,7183.65,1312.48,740.77,40.94,49.19,24.4,0.148,0.644,18
Ector,48135,21785,11373,10412,3454,7422,1817,8040,6,653,451.7,216,30,186,3,1,3,0,0,0.5221,0.1585,19637,6670,0.1094,0.1127,72.0,0.5318,0.6142,0.0251,0.334,14260.99,14257.13,114658349.0,0.1549,254.3532,1302.4876,25576.43,0.1947,591.791,0.2918,0.6097,3032.0896,0.0316,44.403,1519.0299,25761.41,0.0418,54.7264,0.0053,5.597,0.1025,632.2139,4486.8159,9020.71,0.0455,49.005,3609.8259,0.8393,14502.4876,0.2306,1596.5174,0.723,0.6501,0.0672,198.6318,0.1473,368.408,3960.53,1322.91,151.23,813.86,1220.03,255.68,924.51,609.15,1058.83,467.8,338.85,172.44,1063.55,341.95,30.61,155.97,1194.52,4783.31,6400.39,2289.57,609.15,29.1,60.86,34.4,0.1389,0.6917,103
Midland,48329,21739,8759,12980,2399,7689,2002,10131,5,525,447.1,444,124,320,4,2,4,0,0,0.4029,0.1104,19341,6916,0.124,0.1118,73.0,0.5396,0.7503,0.0352,0.181,11957.6,12246.46,121142418.0,0.1225,189.0238,1067.022,23531.04,0.1907,511.8942,0.2562,0.6718,3634.9817,0.0294,38.1996,1182.6078,22143.51,0.0387,51.1302,0.0017,1.8754,0.0821,446.6489,3144.507,8032.82,0.0445,47.1819,3866.8443,0.8899,14252.9859,0.2334,1403.7114,0.7894,0.714,0.0713,266.6074,0.1381,373.9019,2882.44,1405.25,284.43,651.34,1107.23,78.3,659.69,647.11,1029.33,483.63,360.4,183.76,396.87,247.23,44.09,139.6,1195.9,3870.04,5442.58,1836.87,647.11,57.74,58.15,17.3,0.2793,0.8516,-114
Rockwall,48397,20981,8908,12073,1373,8408,1912,9717,5,766,530.4,427,164,263,8,6,8,0,0,0.4246,0.0654,15487,5753,0.3547,0.4615,73.0,0.5534,0.8619,0.0407,0.0493,13950.34,13897.86,135555494.0,0.1341,206.2365,951.1166,21612.57,0.1673,551.7135,0.2811,0.6389,3300.0926,0.0279,37.4601,1161.1609,22530.95,0.0207,24.699,0.002,2.2641,0.0939,373.8808,3324.1741,7161.74,0.0401,42.8116,4303.4887,0.9308,19401.1526,0.2522,1474.9408,0.8907,0.7991,0.0401,137.9026,0.127,305.6499,2898.13,1779.71,361.95,628.37,617.67,75.09,672.17,786.76,1484.52,662.08,569.57,336.82,623.31,166.85,14.76,124.96,1571.44,5272.59,5993.68,1321.13,786.76,50.78,63.08,19.7,0.3841,0.6924,-66
Hunt,48231,20706,9774,10932,2689,7645,1824,9423,5,585,350.6,327,31,296,6,1,6,0,0,0.472,0.1299,18759,6539,0.1038,0.1691,73.0,0.5362,0.8985,0.0388,0.0382,15036.37,14925.09,141687671.0,0.1608,260.745,1325.4802,22950.63,0.1851,695.9567,0.3314,0.7387,5580.7068,0.0368,54.229,1677.3851,23864.39,0.0252,29.3962,0.0023,2.3347,0.108,528.9186,3777.8839,8265.73,0.0394,43.6167,4579.8578,0.8818,17353.9213,0.2705,1693.7281,0.8,0.7638,0.3286,1168.7361,0.1434,366.0193,3689.93,1890.94,302.22,878.8,691.39,94.16,892.98,810.78,1289.84,617.74,479.98,289.8,1075.39,162.62,126.72,192.07,1070.06,5224.77,6855.52,1664.35,810.78,42.77,45.86,23.4,0.0948,0.5993,1
Hood,48221,20678,9879,10799,1186,9004,2188,9341,4,501,354.2,354,106,248,8,4,8,0,0,0.4778,0.0574,17482,7054,0.1828,0.2764,74.0,0.5356,0.9428,0.0033,0.028,13537.19,13359.46,126450862.0,0.133,199.1221,980.1948,24556.82,0.1634,570.9239,0.2897,0.6969,3588.0527,0.0322,41.9655,1057.0603,16906.76,0.0191,21.411,,,0.0952,295.8998,2612.7824,5453.18,0.0376,39.1821,3673.9107,0.9389,15189.3802,0.2494,1539.985,0.867,0.7796,0.0619,124.0767,0.1165,216.465,3265.13,1869.1,299.68,544.8,489.91,,518.99,619.86,1180.66,711.13,536.34,313.31,1305.94,117.84,14.46,179.11,1393.63,5263.33,6441.99,1034.71,619.86,39.32,39.34,25.4,0.2994,0.707,33
Bowie,48037,20409,8618,11791,3145,7755,1847,10003,7,670,422.9,467,108,359,10,4,10,0,0,0.4223,0.1541,19667,6772,0.0377,0.1452,73.0,0.5484,0.8223,0.1397,0.0163,14015.75,14253.6,140199545.0,0.1427,215.7353,1118.9643,21256.55,0.1752,615.3154,0.2992,0.6346,4209.4372,0.0236,31.2906,972.4083,19526.34,0.0414,49.3852,0.0056,6.0982,0.1159,581.5255,4371.4886,8267.5,0.0494,53.384,6176.2471,0.911,15456.9629,0.3063,2135.2594,0.8623,0.7562,0.0465,247.4258,0.1492,317.0049,3032.4,2240.52,229.12,460.68,1167.45,238.71,957.92,1087.15,1135.17,445.55,424.71,241.84,717.97,267.45,27.58,175.62,1003.08,4508.27,6390.66,1866.84,1087.15,60.22,54.53,16.6,0.2313,0.6312,-134
Potter,48375,20258,10064,10194,3531,7506,1986,8257,9,1017,718.5,633,184,449,12,7,12,0,0,0.4968,0.1743,19047,6592,0.0636,0.1387,73.0,0.5455,0.782,0.0409,0.1314,12763.81,13213.95,105390784.0,0.1516,244.1565,1246.942,20796.05,0.1881,573.4528,0.2833,0.5474,2893.0604,0.0424,55.9525,1186.1451,13944.4,0.0217,24.343,0.0017,1.8166,0.1039,401.8409,3268.2572,6443.73,0.0409,42.7516,3795.8096,0.8662,17006.9032,0.2588,1725.4451,0.8171,0.7337,0.0608,189.415,0.1306,245.1253,3153.28,1495.26,423.64,591.08,513.52,67.56,669.58,615.74,1173.59,480.18,431.39,398.19,497.04,230.59,29.15,116.1,1669.77,4868.71,5899.05,1172.16,615.74,84.33,95.72,11.9,0.2907,0.7065,-311
Victoria,48469,19702,10553,9150,2517,7865,2049,7770,4,454,314.6,295,85,210,6,4,6,0,0,0.5356,0.1278,17813,6653,0.106,0.1822,73.0,0.5381,0.7422,0.03,0.1979,14001.54,14205.4,108791939.0,0.1551,257.6577,1200.7722,22278.64,0.1827,666.9241,0.3228,0.675,5238.4813,0.0296,39.1248,1318.6615,21229.2,0.0503,66.2806,0.0116,12.7413,0.095,378.7645,2728.314,6470.05,0.036,37.0656,3183.3977,0.9103,16462.677,0.2408,1551.6088,0.8445,0.7507,0.0466,183.1403,0.1404,284.556,3455.05,2285.01,252.79,628.41,1384.34,521.33,614.53,570.74,1278.7,498.87,406.88,274.38,471.02,249.1,24.07,149.4,737.07,3806.65,6890.22,2534.08,570.74,37.51,40.0,26.7,0.2881,0.693,43
Bastrop,48021,19106,10071,9035,1975,7137,1483,7320,5,564,438.5,100,16,84,3,1,3,0,0,0.5271,0.1034,15932,5118,0.1992,0.3945,73.0,0.5197,0.8048,0.0454,0.1242,12979.18,12672.34,95007567.0,0.1318,203.2787,1045.2186,24737.81,0.1692,601.2295,0.3061,0.5163,2203.1421,0.0268,36.4754,935.1093,18035.27,0.0238,28.4153,0.0027,3.0055,0.0933,362.2951,2409.6995,6906.5,0.0328,35.6557,3621.0383,0.8626,14032.2404,0.2182,1332.6503,0.8098,0.7042,0.2298,743.5792,0.1322,288.388,3261.2,1577.02,417.42,482.91,753.19,99.43,644.42,646.08,1088.69,588.04,476.74,265.13,534.19,192.57,116.27,156.33,1525.33,4650.77,6192.58,1335.53,646.08,14.01,61.44,71.4,0.16,0.7775,207
Angelina,48005,18920,9401,9519,2928,7347,1803,8506,8,920,549.0,221,70,151,3,2,3,0,0,0.4969,0.1548,17703,6280,0.0687,0.1699,73.0,0.5422,0.8557,0.0656,0.0577,15381.99,15375.2,130839199.0,0.1806,305.6666,1657.6534,25343.93,0.2044,681.1662,0.3092,0.6574,3454.2676,0.0483,69.1277,2076.8869,20033.28,0.0154,17.1644,0.0022,2.3513,0.1043,399.2476,2782.1538,6403.19,0.0468,48.7891,3877.8509,0.9103,18652.0103,0.2695,1921.7023,0.8566,0.7663,0.032,107.8063,0.1533,442.1585,4576.57,1903.21,203.97,967.98,433.43,119.51,667.72,696.37,1449.34,565.0,468.89,262.64,1293.28,190.34,12.23,224.77,862.39,5016.49,7663.86,1520.92,696.37,30.08,74.72,33.2,0.3167,0.5967,95
Polk,48373,18807,9366,9441,1907,6994,1526,8622,4,451,274.5,94,16,78,5,1,5,0,0,0.498,0.1014,18824,6645,-0.0009,0.0525,73.0,0.4896,0.9208,0.019,0.0263,12391.37,11834.43,106838351.0,0.1287,190.0951,902.9228,24543.37,0.1412,511.7142,0.2707,0.6148,3029.9235,0.0277,36.4185,1010.0905,19351.06,0.0223,27.3718,,,0.0694,241.0114,1596.6133,5688.83,0.031,32.591,2950.1276,0.8842,14476.3396,0.2343,1512.1781,0.8058,0.72,0.0786,240.1995,0.1164,271.2828,3159.72,2103.46,214.65,536.41,694.01,,394.56,505.06,1139.82,582.33,437.73,363.76,646.84,158.62,33.76,173.91,1039.71,4056.18,6392.69,1230.42,505.06,13.44,39.25,74.4,0.1702,0.6086,207
Kerr,48265,17899,6247,11651,1196,8559,2204,10573,4,609,349.3,339,80,259,7,2,7,0,0,0.349,0.0668,16528,7173,0.083,0.1932,75.0,0.5433,0.8996,0.005,0.0676,11453.15,11470.22,121094131.0,0.1297,181.5,742.268,20105.18,0.1359,551.4991,0.2976,0.7503,4741.0385,0.0263,33.8598,866.6414,16763.5,0.0201,21.8481,0.001,1.0404,0.0717,191.2418,1618.5567,4645.15,0.0316,32.252,2953.4664,0.9236,15476.4967,0.186,1015.322,0.8015,0.7747,0.0291,85.2171,0.1185,235.3164,2607.04,2009.3,142.52,440.77,509.45,46.82,333.02,494.61,1172.7,541.03,385.95,282.57,658.99,66.56,11.03,132.21,1359.49,4203.75,5498.66,997.04,494.61,39.61,40.81,25.2,0.236,0.5736,29
Orange,48361,17162,9462,7700,2041,6399,1550,6725,3,364,281.5,58,0,58,2,0,2,0,0,0.5513,0.1189,16277,5743,0.0544,0.1142,73.0,0.5433,0.9118,0.04,0.0245,15156.82,14663.4,101929604.0,0.1469,234.3494,1175.4647,26181.12,0.169,606.6914,0.3038,0.6656,4101.4126,0.0272,37.4721,1077.7695,20466.1,0.0272,32.8625,0.0027,2.8253,0.1074,551.0781,3743.6431,8322.47,0.0433,47.1375,4600.7435,0.8961,16487.4349,0.2439,1541.71,0.8378,0.7465,0.0385,252.4907,0.1569,352.119,3846.39,2569.81,321.09,556.92,773.09,121.57,893.51,820.36,1192.98,529.12,541.09,416.69,1184.39,162.81,44.15,179.16,898.51,5171.32,7608.38,1451.58,820.36,9.06,43.99,110.3,0.0,0.7734,217
Liberty,48291,16941,10629,6312,2549,5733,1191,4910,4,438,241.1,36,0,36,3,0,3,0,0,0.6274,0.1505,13946,4375,0.2148,0.3104,72.0,0.5175,0.8397,0.0605,0.0798,17929.02,16617.58,88031493.0,0.1782,324.8473,1736.4562,30746.54,0.2422,719.1446,0.3255,0.5774,2818.7373,0.0363,51.9348,1474.1344,24081.3,0.0314,40.5295,0.0026,2.6477,0.0984,498.778,3547.0468,9117.88,0.0513,57.0265,5266.3951,0.8226,17947.0468,0.2328,1595.9267,0.7705,0.6788,0.1902,680.0407,0.1623,440.1222,5479.27,2287.24,229.58,873.01,1075.38,90.7,896.93,978.52,1421.05,578.99,483.64,509.83,1094.79,321.41,72.95,234.66,1109.93,5589.12,9131.15,2039.09,978.52,6.28,42.05,159.2,0.0,0.5505,210
Wood,48499,16594,8091,8503,1520,7023,1596,7672,5,525,278.4,257,0,257,6,0,6,0,0,0.4876,0.0916,14806,5832,0.1208,0.2042,74.0,0.5293,0.9429,0.0153,0.0239,13257.44,13468.93,101711083.0,0.1426,216.8926,1093.9781,22485.96,0.1758,442.7789,0.2306,0.8118,6793.6653,0.0332,46.7935,1434.6976,22724.17,0.0249,26.4599,0.0026,2.8676,0.1164,450.7299,3052.5287,6305.11,0.0417,43.926,3480.0574,0.8895,13705.4223,0.2628,1942.9093,0.7767,0.7772,0.4582,1681.1783,0.1538,337.4609,3206.42,2680.12,122.54,755.3,533.4,137.18,733.9,594.53,1011.22,559.53,364.31,197.16,573.85,113.93,194.67,222.5,1000.75,4075.86,6905.04,1425.88,594.53,36.59,39.64,27.3,0.0,0.5303,45
Wise,48497,15090,7475,7615,1183,5594,1223,6285,4,446,314.7,106,0,106,2,0,2,0,0,0.4954,0.0784,12281,4373,0.2287,0.2792,73.0,0.5333,0.9235,0.0041,0.0493,15715.93,15579.83,98774612.0,0.1607,258.0748,1164.2005,23648.65,0.1803,613.6834,0.306,0.5687,3004.6142,0.0369,56.0064,1850.1193,27114.45,0.029,34.3675,0.0018,1.9093,0.1222,619.4113,4747.3349,8735.29,0.0352,37.2315,3000.7955,0.9192,18694.6698,0.2398,1551.3126,0.8627,0.7722,0.0447,210.183,0.1276,311.6945,3800.34,2152.0,282.18,1000.88,1018.62,80.18,1067.41,546.33,1459.66,634.66,583.44,356.76,765.75,157.16,32.17,153.08,1208.33,5473.52,7179.42,2099.68,546.33,18.95,56.26,52.8,0.0,0.7056,134
Kendall,48259,14546,5690,8857,639,6399,1590,7450,6,532,351.0,300,90,210,6,2,6,0,0,0.3912,0.0439,10308,4260,0.4111,0.5021,74.0,0.5369,0.8784,0.0067,0.0789,12387.46,12382.44,92286562.0,0.1262,183.0872,837.047,21028.68,0.1675,444.0268,0.2558,0.4298,1506.443,0.0266,34.094,910.604,17002.98,0.0195,22.4161,0.0019,1.8792,0.0821,218.1208,1672.0805,4688.11,0.045,47.9195,4558.6577,0.927,15738.255,0.2055,1155.4362,0.8738,0.7918,0.0082,22.8188,0.1081,248.3221,2653.28,1285.97,324.61,451.89,485.78,93.45,385.12,769.13,1236.49,633.94,510.8,346.17,1268.39,89.03,3.45,109.81,1504.53,5254.95,5096.64,1031.12,769.13,46.88,54.85,21.3,0.3,0.6598,-25
Burnet,48053,14534,6710,7824,934,6389,1566,6861,4,430,277.4,231,18,213,5,1,5,0,0,0.4617,0.0643,13115,5240,0.1082,0.2193,74.0,0.542,0.9182,0.0035,0.0509,12711.33,12574.53,87212457.0,0.1255,185.1042,885.8767,24342.72,0.149,441.9181,0.2351,0.7624,5855.5604,0.0255,33.0856,900.0146,17495.29,0.0246,28.713,,,0.1004,302.5798,2112.2285,5217.45,0.0322,35.1261,3387.8443,0.9117,12732.9835,0.2616,1578.6329,0.7932,0.7892,0.4361,1421.8044,0.1297,285.9641,3054.81,2234.0,231.47,446.24,693.21,,523.95,571.59,974.56,657.02,402.54,230.46,729.23,88.11,276.58,176.71,1167.44,4304.76,6442.12,1139.45,571.59,36.16,43.42,27.7,0.0779,0.6451,44
San Patricio,48409,14491,9731,4760,2309,5303,1165,3690,2,187,117.1,40,0,40,1,0,1,0,0,0.6715,0.1593,12968,4444,0.1174,0.1933,72.0,0.5098,0.7182,0.0098,0.2415,14298.9,13567.11,52762933.0,0.1396,212.1951,1192.4119,25529.07,0.1562,622.2222,0.3171,0.4014,1661.7886,0.0304,41.1924,1016.5312,17982.67,0.0304,37.9404,0.0046,5.1491,0.1141,531.7073,3616.2602,8051.81,0.0374,41.7344,3726.2873,0.8775,15385.6369,0.2282,1456.6396,0.829,0.7325,0.0374,135.7724,0.1458,363.9566,3563.0,1937.34,286.66,545.82,954.4,293.94,918.65,709.91,1170.69,604.41,410.58,352.21,575.76,404.74,16.49,175.31,1207.63,4652.01,6971.46,1794.16,709.91,7.54,22.08,132.6,0.0,0.6262,188
Van Zandt,48467,14408,7506,6902,1644,5737,1429,6132,6,565,380.3,207,0,207,5,0,5,0,0,0.521,0.1141,13046,4860,0.1044,0.1805,73.0,0.5336,0.9313,0.0161,0.0334,13758.43,13848.61,84366696.0,0.1536,235.1598,1101.7613,21635.04,0.1822,722.1135,0.3518,0.7546,6097.5212,0.0382,52.3483,1541.0959,19850.0,0.0297,32.9419,0.0024,2.7723,0.1088,426.2883,3119.6999,6159.81,0.0406,42.8898,4017.6125,0.8803,14523.3203,0.2515,1814.9054,0.828,0.7578,0.3669,1177.2668,0.1698,353.5551,3323.58,2373.8,148.87,757.49,653.63,112.35,670.03,682.72,1060.09,536.1,388.82,216.49,744.78,178.83,130.55,244.61,1018.38,4229.14,6805.79,1523.47,682.72,36.08,66.29,27.7,0.0,0.6731,39
Harrison,48203,14025,7229,6795,1920,5321,1228,5979,3,422,211.9,52,0,52,2,0,2,0,0,0.5154,0.1369,13587,4672,0.0322,0.1389,73.0,0.5352,0.8324,0.1204,0.0261,14584.24,14501.29,87199192.0,0.1547,246.3623,1139.321,23636.5,0.1836,728.8844,0.3328,0.719,5454.4238,0.0323,44.1545,1275.1296,20091.69,0.0274,31.2761,0.0045,4.6831,0.1239,541.5621,3424.4857,7476.59,0.0353,37.2972,3652.283,0.908,15356.4141,0.2586,1611.4735,0.8521,0.7513,0.0679,281.4852,0.1371,314.4339,3656.76,2486.41,119.6,648.55,764.15,209.38,926.6,649.49,1114.18,511.01,447.9,240.22,985.57,151.1,33.57,143.06,1292.56,5040.6,7067.94,1622.08,649.49,9.77,39.82,102.3,0.0,0.5021,177
Hardin,48199,12977,7106,5871,1300,5019,1158,4977,5,497,380.9,32,0,32,2,0,2,0,0,0.5476,0.1002,11647,4105,0.1142,0.2227,73.0,0.5389,0.9287,0.0291,0.0231,16051.68,15379.82,79889195.0,0.1435,240.1045,1194.6956,29243.22,0.193,611.8143,0.2994,0.6474,4050.8338,0.0293,41.3904,1078.5614,19586.4,0.0253,31.5451,,,0.1003,486.0358,3208.9612,8086.63,0.0506,54.0486,6614.0245,0.9068,17649.3872,0.2353,1568.0129,0.8549,0.7734,0.044,280.2893,0.1415,336.749,4195.23,2533.32,300.15,574.57,746.5,,810.78,1171.95,1254.23,558.41,600.15,415.65,1085.19,202.87,48.54,180.61,967.49,5182.03,7970.59,1321.07,1171.95,6.38,75.89,156.8,0.0,0.7664,184
Nacogdoches,48347,12779,6400,6379,1795,4914,1114,5560,4,487,333.9,196,32,164,3,2,3,0,0,0.5008,0.1405,11707,4106,0.0916,0.1968,73.0,0.5297,0.8311,0.0897,0.0493,13370.71,13577.37,74341124.0,0.1691,263.4892,1338.8489,23374.67,0.1803,596.4029,0.2942,0.6428,3495.3237,0.0432,59.5324,1490.4676,16728.15,0.0207,23.5612,,,0.1147,475.0,3200.8993,6560.89,0.0399,42.8058,4032.7338,0.9004,15207.9137,0.2644,2087.0504,0.8371,0.7444,0.0621,187.9496,0.1009,254.3165,3951.83,1786.74,313.05,722.08,555.07,,752.85,694.84,1161.81,520.52,434.91,212.83,569.74,207.32,22.98,129.65,1073.17,4228.29,6909.11,1277.15,694.84,39.89,67.95,25.1,0.1633,0.6856,15
Walker,48471,12471,7096,5376,1355,4857,1122,4360,3,246,150.5,148,18,130,4,1,4,0,0,0.569,0.1087,10443,3820,0.1942,0.2715,73.0,0.5356,0.8388,0.0904,0.0438,15292.08,14956.61,66673470.0,0.1525,235.0917,1142.8899,24265.36,0.1522,682.7982,0.3239,0.6321,3502.0642,0.0307,41.9725,1219.4954,20911.37,0.0328,41.5138,,,0.0945,405.0459,2917.8899,7017.83,0.0388,40.5963,3658.2569,0.8867,17439.6789,0.2525,1792.4312,0.8206,0.7466,0.0472,173.3945,0.1505,386.6972,3701.02,2295.41,426.74,642.69,1026.44,,663.15,623.06,1356.44,582.7,536.63,336.94,1013.13,157.63,21.17,186.37,1328.78,5256.24,7349.87,1669.13,623.06,30.47,30.99,32.8,0.1216,0.6118,61
Coryell,48099,12265,5951,6314,1404,4258,968,5356,4,453,359.4,150,28,122,3,1,3,0,0,0.4852,0.1145,10736,3392,0.1424,0.2553,71.0,0.5274,0.7608,0.1036,0.0765,12871.35,12296.18,68938956.0,0.1383,212.6587,1030.9933,26394.36,0.1597,599.1412,0.2857,0.7651,8599.3279,0.0372,53.5848,1525.2054,25371.95,0.0176,21.4712,0.0024,2.6139,0.0861,348.3943,2304.3316,7115.25,0.0349,36.9679,3227.7819,0.8131,11174.7573,0.228,1614.0777,0.6774,0.6889,0.2104,624.7199,0.1376,311.6131,3651.65,2925.7,293.61,942.68,532.55,118.4,612.42,577.43,833.31,410.11,251.82,157.19,541.78,145.0,78.7,161.24,470.51,2945.73,7587.31,1593.63,577.43,35.23,84.41,28.4,0.1867,0.7934,33
Lamar,48277,11934,4434,7501,1863,4831,1166,6887,5,577,363.8,237,32,205,5,2,5,0,0,0.3715,0.1561,11551,4320,0.0332,0.1183,73.0,0.546,0.9007,0.0555,0.0163,14757.8,14899.1,101636962.0,0.1866,293.7418,1294.3226,20991.32,0.1832,680.4124,0.3385,0.479,1837.0844,0.0341,49.6588,1286.3366,18952.73,0.0376,41.5275,0.0028,2.7588,0.1397,864.6726,6675.9111,9082.11,0.0434,49.804,4238.5654,0.9104,18464.2079,0.2878,2122.6949,0.8478,0.7762,0.1111,523.45,0.1604,327.8641,3916.63,1281.85,225.8,646.71,950.29,135.87,1268.62,700.87,1359.16,508.17,606.4,354.96,877.13,173.21,65.68,180.92,1074.09,5606.04,6286.58,1732.87,700.87,49.06,75.31,20.4,0.135,0.6305,-29
Anderson,48001,11638,6131,5506,1627,4337,1004,4726,6,693,350.2,162,41,121,3,2,3,0,0,0.5268,0.1398,10518,3682,0.1065,0.1779,73.0,0.5391,0.8798,0.062,0.04,12810.65,12974.01,60543130.0,0.138,204.6128,922.1329,20353.34,0.1701,678.1634,0.3136,0.6968,4392.9327,0.0349,46.3394,1384.0457,19664.69,0.0254,28.5654,,,0.103,440.7533,3161.0241,6727.03,0.0459,48.0322,5265.9755,0.9092,15109.818,0.2465,1862.8862,0.8443,0.7702,0.0654,201.0157,0.1481,340.457,2807.95,2093.26,143.28,686.56,625.69,,693.2,877.65,1133.76,500.21,512.8,225.72,659.1,120.82,25.68,211.33,1093.18,4343.44,5876.85,1312.25,877.65,37.35,80.75,26.8,0.2531,0.5053,24
Medina,48325,11521,6483,5039,1447,4382,975,4282,3,287,176.7,132,0,132,7,0,7,0,0,0.5627,0.1256,9887,3328,0.1653,0.3167,73.0,0.5077,0.724,0.0266,0.2214,13066.55,13116.14,55950979.0,0.1296,195.4694,954.227,23414.94,0.1857,505.8384,0.2688,0.5469,2854.2737,0.0322,48.5754,1309.2013,23336.91,0.0213,25.2219,,,0.0887,330.9201,2097.8515,5828.49,0.0371,40.6352,4555.1144,0.8603,14776.0392,0.2202,1257.1228,0.7452,0.7135,0.2896,1333.2555,0.1348,398.879,3034.87,1132.76,270.92,752.1,582.53,,517.24,747.68,1125.6,518.43,480.79,283.47,1407.15,263.21,122.13,188.93,1374.62,5311.0,5409.12,1334.63,747.68,30.12,40.32,33.2,0.0,0.6157,56
Maverick,48323,11386,8400,2986,4926,4575,1132,2136,3,332,251.4,0,0,0,0,0,0,0,0,0.7377,0.4326,10392,3919,0.0957,0.1674,73.0,0.5112,,,,14220.42,14281.73,30374824.0,0.1419,233.1461,1386.236,25610.38,0.2335,635.2996,0.287,0.4621,2061.7978,0.0379,56.6479,1992.5094,24824.04,0.0398,42.1348,0.008,7.9588,0.1156,870.3184,6065.5431,11129.59,0.0286,34.6442,2404.0262,0.6957,14422.7528,0.1882,1205.5243,0.669,0.5492,0.257,970.9738,0.1723,2173.221,3632.93,773.7,180.4,941.36,1198.84,346.05,1286.99,402.14,1129.77,332.78,624.18,200.25,496.94,724.24,133.47,725.23,863.07,4734.67,6369.28,2486.25,402.14,0.0,54.95,,,0.7572,197
Navarro,48349,11362,5807,5555,1740,4247,990,4801,6,642,325.0,142,0,142,2,0,2,0,0,0.5111,0.1531,10556,3634,0.0764,0.1687,73.0,0.5211,0.8315,0.0727,0.0717,14562.21,14266.69,69913172.0,0.1618,257.2381,1228.0775,23744.04,0.2039,699.6459,0.3253,0.6896,3497.3964,0.0456,63.5284,1647.1568,18393.2,0.0175,20.2041,0.0023,2.2912,0.1058,480.5249,3288.2733,7387.45,0.0487,51.2393,5138.7211,0.8929,17093.3139,0.2545,1614.247,0.7888,0.7423,0.2935,929.1814,0.1548,397.8338,3842.77,1815.35,173.0,839.01,524.42,101.65,781.68,851.99,1288.97,533.81,482.96,253.61,856.78,153.18,140.36,267.79,1116.36,4920.72,6785.9,1465.08,851.99,33.44,76.52,29.9,0.0,0.5062,40
Wilson,48493,11217,5629,5588,971,4276,910,4748,4,515,385.3,32,16,16,2,1,2,0,0,0.5018,0.0866,9489,3125,0.1821,0.3683,73.0,0.5179,0.7586,0.0225,0.1912,11924.06,11982.19,56615450.0,0.1137,172.0725,851.9377,23931.66,0.1982,534.7515,0.2786,0.6354,3671.4406,0.0251,36.2258,1121.5249,21931.3,0.0257,29.9073,0.0025,2.738,0.0824,243.2603,1736.7313,4931.11,0.0396,42.3336,4217.3547,0.8768,14173.3361,0.23,1325.4002,0.7928,0.7279,0.2932,1037.4895,0.1247,391.5333,2721.8,1710.57,261.33,549.67,656.91,90.88,406.08,708.63,1062.6,548.12,444.86,280.73,502.54,176.32,109.53,159.74,1312.08,4118.42,5577.88,1297.46,708.63,7.48,90.11,133.6,0.5,0.7482,152
Cherokee,48073,11045,5934,5111,1562,4324,1018,4492,6,610,329.3,110,16,94,4,1,4,0,0,0.5373,0.1414,10743,3772,0.0281,0.1463,73.0,0.5243,0.8635,0.0617,0.055,13645.4,13892.88,61295149.0,0.1498,227.7382,1075.2449,20716.88,0.1525,468.3882,0.2493,0.7772,6346.171,0.0425,53.6509,1818.5663,24234.48,0.0236,28.2725,0.0029,2.894,0.1071,454.5859,3283.8379,6894.22,0.0398,41.8522,4468.6109,0.8923,15654.7195,0.2758,1967.2752,0.7678,0.7718,0.1939,699.4657,0.1587,347.7293,3103.84,2451.46,121.56,1030.45,616.15,136.38,738.23,759.09,1160.88,552.93,358.79,189.68,653.25,244.11,79.86,208.64,919.28,4099.97,6682.54,1782.98,759.09,25.44,76.16,39.3,0.1455,0.5398,76
Rusk,48401,10656,5625,5031,1344,3993,915,4384,4,525,295.8,116,21,95,2,1,2,0,0,0.5279,0.1261,10270,3599,0.0376,0.1095,73.0,0.5267,0.8686,0.0764,0.0379,15138.09,15095.99,66365374.0,0.1706,268.9325,1195.2555,22161.36,0.1883,773.0383,0.3547,0.7646,5964.188,0.0385,54.2883,1753.6496,22779.33,0.0253,29.4252,0.0041,4.1058,0.1275,488.823,3198.4489,6417.87,0.0415,44.708,3743.1569,0.9056,16254.3339,0.2687,1884.5803,0.8173,0.7609,0.1569,469.2062,0.162,367.4726,3781.18,2559.63,165.76,878.13,699.45,214.38,818.34,677.9,1162.63,548.01,394.9,216.29,1170.52,248.91,63.15,204.72,1006.81,4832.64,7508.21,1791.96,677.9,29.05,74.08,34.4,0.181,0.5634,56
Starr,48427,10374,8507,1867,5594,4154,1110,1466,2,230,189.4,0,0,0,0,0,0,0,0,0.82,0.5392,9613,3678,0.0792,0.1294,73.0,0.5307,,,,18791.61,18496.12,27548493.0,0.193,360.8458,1983.6289,30782.59,0.2403,781.0368,0.3213,0.6139,3693.7244,0.0498,69.5771,1798.7722,20319.14,0.0218,25.2387,,,0.249,2226.4666,20743.5198,14358.02,0.0368,40.2456,3296.0437,0.7476,17431.105,0.2844,2214.1883,0.5668,0.6228,0.4836,4671.8963,0.1023,1628.9222,5942.34,1724.45,73.08,1011.8,650.0,,3574.81,538.41,1335.84,532.1,235.48,221.17,467.92,488.36,383.56,428.03,650.88,6869.66,9188.36,1661.8,538.41,0.0,45.59,,,0.8235,178
Washington,48477,10184,4193,5991,955,4277,1109,5217,3,289,217.7,147,38,109,4,2,4,0,0,0.4117,0.0938,8760,3493,0.1626,0.2244,74.0,0.5342,0.8817,0.0564,0.0343,11658.3,11367.06,60821345.0,0.1259,179.7968,853.5557,22294.47,0.1303,176.5382,0.1179,0.7535,4905.5012,0.0312,37.9528,1042.1698,19784.23,0.0188,20.8932,,,0.0857,293.6554,1972.2062,5935.69,0.0257,26.8353,2135.3268,0.9091,12680.4677,0.2383,1319.3406,0.7836,0.7725,0.4023,1278.1292,0.1551,429.3655,2807.64,2262.85,122.18,618.14,492.16,,508.58,371.98,985.78,618.01,280.43,298.84,424.78,106.39,134.74,263.74,1102.27,3735.42,6180.81,1110.3,371.98,34.37,50.9,29.1,0.2585,0.7533,37
Atascosa,48013,9986,6453,3533,1753,3611,781,2862,5,364,285.0,57,0,57,1,0,1,0,0,0.6462,0.1755,9033,2941,0.1055,0.2278,72.0,0.5133,0.644,0.0066,0.3277,13743.9,13637.17,39335041.0,0.1468,234.4514,1097.4843,25259.96,0.2003,647.4493,0.3064,0.5164,2451.4326,0.0346,49.2662,1472.3969,20734.94,0.0182,22.0126,,,0.094,331.2369,2291.0552,5637.82,0.0437,48.9168,4922.7813,0.8435,15522.0126,0.224,1414.0461,0.7666,0.6817,0.1869,702.6555,0.144,376.3103,3706.91,981.78,253.41,717.25,509.1,,529.9,818.23,1175.79,488.75,464.78,280.0,1245.27,330.7,82.11,170.91,1068.43,4846.28,5932.46,1226.35,818.23,15.79,78.93,63.4,0.0,0.783,98
Brown,48049,9868,3922,5947,1527,3867,867,5159,7,692,416.1,144,0,144,3,0,3,0,0,0.3974,0.1547,9197,3328,0.073,0.162,72.0,0.5193,0.879,0.0173,0.0857,13675.91,13664.71,70554011.0,0.158,240.1628,1175.8093,21457.62,0.1536,674.7432,0.3214,0.7379,5130.064,0.0518,71.7193,2188.2148,21274.75,0.0132,15.313,0.0025,2.7137,0.1334,471.603,3507.6565,5879.5,0.049,51.7542,6415.5844,0.8913,13350.2617,0.2609,1569.684,0.8075,0.7455,0.3121,1300.252,0.1442,322.3493,3389.8,2793.36,168.22,1101.06,369.72,151.72,784.09,1044.51,971.14,476.75,324.1,161.35,655.47,158.75,189.17,239.17,431.69,3517.01,7226.05,1622.5,1044.51,37.24,107.6,26.9,0.0,0.6013,22
Gillespie,48171,9761,2945,6816,432,4604,1198,6234,4,389,187.4,317,51,266,7,3,7,0,0,0.3017,0.0443,8725,3828,0.1187,0.2027,75.0,0.5348,,,,10759.74,10453.99,67076247.0,0.1088,146.4549,577.9596,23192.41,0.1268,474.6551,0.2708,0.7389,4258.582,0.0255,33.205,806.2239,15407.99,0.0125,13.4745,,,0.0741,174.0456,1420.5967,4077.93,0.033,34.0071,2815.5278,0.9398,13384.1835,0.2257,1155.4379,0.8697,0.7955,0.0132,46.5191,0.103,193.1344,2522.37,2014.31,117.32,392.99,299.12,,302.21,485.51,1033.34,585.1,359.55,241.51,415.62,80.9,8.43,152.79,1483.29,3843.95,5472.79,692.11,485.51,68.85,40.7,14.5,0.1609,0.4817,-119
Upshur,48459,9726,5183,4544,1227,3612,820,3994,2,205,120.2,136,26,110,2,1,2,0,0,0.5329,0.1262,8930,3037,0.0891,0.1893,73.0,0.5325,0.9134,0.0456,0.0205,13897.81,13855.59,55507854.0,0.148,224.5869,1043.315,23743.28,0.149,609.6645,0.305,0.678,4629.1938,0.0278,41.312,1043.8157,20063.04,0.0255,28.5428,0.003,3.5053,0.1227,630.9464,4097.6465,8732.28,0.0406,42.0631,4161.4922,0.9024,14811.968,0.2804,1890.8363,0.823,0.7454,0.0909,322.7341,0.1412,284.1763,3513.34,2558.8,71.0,557.59,679.96,121.02,1071.31,742.21,1073.58,526.42,436.17,232.63,650.95,140.56,37.23,152.88,1092.99,4594.86,6963.0,1358.57,742.21,37.65,33.28,26.6,0.1912,0.5863,19
Hill,48217,9717,5360,4356,1175,3755,812,3644,4,382,218.9,110,0,110,2,0,2,0,0,0.5516,0.1209,8835,3192,0.0998,0.1764,73.0,0.5263,0.8982,0.0288,0.0549,13338.6,13344.59,48605861.0,0.1485,236.0044,1153.1284,23101.77,0.1914,605.1043,0.2835,0.6153,3232.4369,0.0428,58.4523,1868.2766,22869.87,0.022,25.5214,,,0.0875,374.5884,2903.1284,7160.16,0.0403,40.8891,3814.2151,0.8408,12747.2558,0.2346,1377.3326,0.815,0.7324,0.4813,1862.5137,0.1416,323.2711,3429.76,1609.55,297.4,979.06,632.56,,626.81,648.61,973.81,519.4,443.14,270.44,502.04,145.63,258.42,239.02,1084.09,4158.75,6240.76,1611.62,648.61,29.29,58.3,34.1,0.0,0.573,51
Cooke,48097,9518,3949,5569,801,3915,970,4834,4,441,249.1,137,26,111,2,1,2,0,0,0.4149,0.0842,8413,3230,0.1313,0.2121,74.0,0.5327,0.9336,0.0089,0.0312,15558.93,15584.57,75211881.0,0.1738,282.9954,1345.8833,23492.45,0.1707,651.0137,0.3041,0.6266,3467.108,0.0523,78.8167,1676.2516,24247.94,0.0192,21.7211,,,0.1231,647.7038,4603.0203,8132.06,0.0397,45.511,4547.1659,0.9065,16099.2966,0.2458,1523.3761,0.8442,0.7656,0.2453,793.9595,0.139,353.1237,4082.26,1909.75,206.81,1269.08,525.12,,1000.95,759.15,1210.4,618.41,495.78,282.31,925.17,170.71,117.52,204.83,1334.08,5366.21,7192.77,1794.2,759.15,34.99,63.63,28.6,0.1898,0.5649,31
Wharton,48481,9333,4382,4951,1221,3721,993,4315,4,447,281.1,144,0,144,2,0,2,0,0,0.4695,0.1308,8499,3179,0.0981,0.1705,74.0,0.5256,0.7564,0.0614,0.1622,16836.48,16113.37,72649423.0,0.153,264.1947,1304.2874,29386.43,0.2101,678.5632,0.3145,0.7861,6170.1043,0.0387,53.0707,1814.6002,25575.49,0.0248,30.1275,0.0044,4.635,0.1166,741.1356,5256.5469,10016.77,0.0317,33.1402,2099.6524,0.867,16253.0707,0.2526,1664.1947,0.7319,0.7384,0.5898,2204.8667,0.1428,455.8517,4494.8,2987.65,176.6,989.83,802.25,209.15,1167.66,355.33,1269.79,594.68,384.13,303.21,925.98,288.31,318.17,255.38,980.31,5349.25,8797.42,2001.23,355.33,38.7,75.54,25.8,0.0,0.6289,16
Llano,48299,9031,3929,5102,575,3896,940,4544,2,218,97.1,128,0,128,4,0,4,0,0,0.4351,0.0637,7533,3029,0.1989,0.2862,74.0,0.5174,,,,13238.78,13136.14,60156994.0,0.1184,174.2958,784.331,23958.35,0.1481,495.1585,0.2601,0.818,7023.3275,0.0268,38.5123,1129.1813,26269.8,0.022,24.6479,,,0.0971,324.3838,2300.8363,5687.98,0.0337,36.9718,3566.6813,0.9001,11244.2782,0.2408,1543.794,0.7542,0.7837,0.5621,1966.1092,0.0885,171.875,2836.62,2760.94,154.28,705.31,570.79,,552.02,587.97,863.49,665.37,317.12,203.18,1168.34,92.16,350.9,148.9,1006.7,4461.75,6658.27,1276.1,587.97,32.85,24.92,30.4,0.0,0.4454,39
Jasper,48241,9030,4584,4447,1265,3474,823,4068,3,335,164.5,26,0,26,2,0,2,0,0,0.5076,0.1401,8411,3053,0.0736,0.1379,73.0,0.5071,0.868,0.0895,0.0231,14927.32,14289.22,60724336.0,0.1536,249.2625,1228.3677,28288.34,0.2095,735.2507,0.3351,0.6866,3644.297,0.0312,41.5438,1370.6981,20251.86,0.0231,25.0737,,,0.1146,595.6244,3362.3402,7574.86,0.0588,62.6844,6350.0492,0.8899,16331.3668,0.2279,1372.6647,0.7982,0.7463,0.1922,660.0295,0.1622,402.409,4346.17,2142.88,273.34,632.25,564.96,,867.72,1129.35,1204.47,508.78,465.63,330.25,500.76,295.98,88.04,294.96,960.15,4417.02,7862.11,1197.21,1129.35,7.48,47.35,133.6,0.0,0.491,123
Val Verde,48465,8968,5177,3791,2602,3944,1025,3222,3,256,168.3,38,12,26,2,1,2,0,0,0.5773,0.2901,8588,3509,0.0442,0.124,73.0,0.5109,0.3687,0.0133,0.5996,11987.85,11694.68,38624846.0,0.1273,205.1521,1079.7641,26381.6,0.1997,735.2576,0.325,0.6598,4373.0602,0.0335,44.3824,1324.3327,19102.86,0.0149,17.3805,,,0.0844,422.4084,3149.9069,7368.02,0.0304,34.1403,2911.2353,0.7539,10193.3582,0.2058,1315.6425,0.6788,0.6617,0.4966,2063.3147,0.0667,121.0428,3357.06,1845.97,157.62,640.32,395.95,,622.01,472.08,788.58,326.66,326.93,205.53,721.22,668.97,295.75,209.98,744.62,3704.64,6566.26,1036.27,472.08,9.63,42.67,103.8,0.3158,0.6574,131
Jim Wells,48249,8737,6047,2691,2063,3259,802,2230,3,441,282.3,32,16,16,2,1,2,0,0,0.6921,0.2361,7899,2787,0.1061,0.1694,72.0,0.5247,,,,17858.62,17302.42,39824714.0,0.1574,259.1928,1324.6637,29929.83,0.1829,805.8296,0.3354,0.443,2044.843,0.0484,69.9552,2284.3049,21986.24,0.0345,41.704,,,0.1516,1037.2197,6708.9686,10037.7,0.0565,61.8834,6007.1749,0.8659,19978.0269,0.2448,1552.9148,0.83,0.7108,0.0883,326.009,0.1883,797.3094,4710.93,1753.11,283.05,1064.8,1151.04,,1521.41,988.48,1456.55,575.51,536.34,389.69,613.46,645.7,44.25,374.54,1270.81,5832.51,8342.84,2215.84,988.48,9.82,86.62,101.8,0.5,0.6401,108
Caldwell,48055,8698,4734,3965,1278,3385,787,3305,5,410,318.5,92,0,92,5,0,5,0,0,0.5443,0.1469,7700,2671,0.1296,0.2673,73.0,0.5298,0.6844,0.036,0.2569,16588.64,16353.82,54825439.0,0.167,275.3404,1384.8714,25226.69,0.1816,582.4508,0.2874,0.5346,3790.3177,0.0457,61.4221,1870.4992,20310.02,0.0478,63.2375,0.0064,6.9592,0.0983,334.947,2176.3994,6133.84,0.0523,57.7912,4986.9894,0.8644,16163.6914,0.2333,1536.4599,0.7939,0.7026,0.3053,1518.6082,0.1643,445.0832,4213.35,1594.44,407.01,927.93,1544.42,271.51,603.18,887.42,1242.46,558.75,452.68,287.28,947.6,350.37,274.58,238.43,1126.29,4934.07,7362.35,2743.86,887.42,27.18,94.09,36.8,0.0,0.7768,53
Cass,48067,8648,4219,4429,1280,3351,774,3941,4,428,225.2,50,0,50,1,0,1,0,0,0.4879,0.148,8084,2981,0.0698,0.1241,73.0,0.5291,0.8835,0.0848,0.0109,14311.2,14551.94,56400441.0,0.1522,230.9059,1151.2307,21916.16,0.1712,650.3426,0.3253,0.6864,4834.0523,0.0358,50.7485,1810.4542,25291.14,0.032,37.0464,0.0038,3.8061,0.1226,682.3141,4538.9495,8101.94,0.0419,44.1512,4184.4709,0.8858,14952.2964,0.2857,2200.7105,0.8561,0.7437,0.2921,1088.5562,0.1535,322.507,3336.64,2428.31,154.94,904.86,851.88,174.54,992.96,698.62,1099.76,492.72,436.26,234.13,934.94,158.94,144.52,240.09,848.25,4690.82,6811.64,1931.28,698.62,14.92,67.2,67.0,0.0,0.5262,94
Hopkins,48223,8641,3840,4801,1100,3596,887,4337,4,487,301.4,133,28,105,3,1,3,0,0,0.4444,0.1273,8020,3016,0.0774,0.1923,74.0,0.5474,0.9045,0.0367,0.038,14446.05,14489.16,62652521.0,0.1455,225.0404,1153.1012,25175.27,0.1751,732.0729,0.3304,0.8079,6916.7627,0.0433,55.1072,1820.6133,20476.56,0.0267,29.2829,,,0.119,557.0671,3903.62,7249.82,0.047,48.8817,3916.3016,0.9036,15833.7561,0.2661,1899.2391,0.7505,0.775,0.1314,407.6551,0.1552,353.9313,3662.81,2489.96,126.05,887.62,742.02,,862.56,653.8,1137.81,582.11,370.62,243.94,1159.82,127.39,46.21,217.35,815.81,4636.77,7205.67,1629.64,653.8,36.99,83.82,27.0,0.2105,0.6189,22
Waller,48473,8634,4551,4082,936,3190,676,3195,1,130,83.7,142,0,142,10,0,10,0,0,0.5271,0.1084,7781,2602,0.1096,0.226,72.0,0.5142,0.7706,0.0939,0.0973,14956.77,13990.23,47786878.0,0.1418,232.8638,1196.8701,29564.03,0.1891,550.8607,0.2867,0.6144,3543.036,0.0272,40.3756,1048.2003,22540.6,0.0235,29.421,0.0034,3.4429,0.0751,333.0203,2553.6776,8113.47,0.0269,30.3599,2302.3474,0.8851,18342.097,0.2469,1609.7027,0.8219,0.7308,0.0426,138.3412,0.1211,409.7027,4191.71,2369.16,170.38,613.78,725.93,221.89,609.46,428.64,1463.45,616.69,582.25,444.2,751.58,255.11,17.25,185.27,1087.08,4955.27,7788.32,1561.6,428.64,44.51,26.24,22.5,0.0,0.6438,-5
Aransas,48007,8420,4798,3622,740,3467,813,3157,2,212,153.3,40,0,40,1,0,1,0,0,0.5698,0.0879,7394,2891,0.1388,0.1992,74.0,0.5211,0.8914,0.0048,0.0672,12897.38,12442.0,40717035.0,0.1264,192.9047,984.7957,25652.73,0.1528,640.7982,0.3149,0.4463,1917.6433,0.0279,37.3773,780.8046,15340.28,0.0244,28.8248,,,0.0912,373.4558,2580.9313,6532.46,0.0329,36.7437,3434.5898,0.9037,16011.72,0.2198,1250.5543,0.8606,0.7764,0.0301,95.0269,0.1105,315.1726,3242.14,1832.78,291.99,427.6,760.34,,595.93,624.39,1246.79,622.67,441.63,365.74,474.74,164.41,14.16,147.2,1407.98,4546.97,6301.19,1187.94,624.39,11.54,44.22,86.7,0.0,0.7231,109
Fannin,48147,8309,3752,4557,986,3381,817,3936,5,547,314.7,87,20,67,2,1,2,0,0,0.4516,0.1187,7781,2934,0.0679,0.1524,74.0,0.5295,0.937,0.0201,0.0203,14618.03,14976.45,57536575.0,0.1603,257.3679,1271.0874,21345.08,0.1749,612.8049,0.2952,0.596,2471.5447,0.0452,59.9593,1637.4492,26445.8,0.0246,28.9634,0.0033,3.5569,0.1032,447.6626,3207.3171,6995.9,0.0429,45.9858,4633.3841,0.8923,17621.189,0.2482,1646.5955,0.8399,0.7548,0.2012,625.5081,0.1463,325.9654,3421.94,1487.1,264.07,1195.97,611.61,74.98,721.63,753.95,1344.51,603.02,499.38,332.81,1207.03,85.62,70.17,195.58,1349.77,5525.3,6057.33,1882.56,753.95,25.73,93.08,38.9,0.2299,0.5753,58
Bandera,48019,8152,3904,4248,579,3222,706,3698,2,180,114.7,0,0,0,0,0,0,0,0,0.4789,0.071,6873,2388,0.1861,0.3492,73.0,0.5235,0.8926,0.0049,0.0757,11112.58,11014.08,41094316.0,0.1244,191.4548,932.9367,25129.48,0.1767,466.4684,0.2428,0.4938,2187.9394,0.0243,32.9908,838.8318,17851.83,0.0184,21.0925,,,0.069,198.7561,1422.3905,4928.76,0.0297,32.1796,2535.1541,0.8921,13956.1925,0.1936,1107.6257,0.8131,0.7104,0.0203,76.5279,0.1103,247.7015,3125.89,1395.22,265.05,434.47,464.91,,339.87,432.94,1089.64,551.32,411.11,295.5,436.4,74.99,9.58,153.03,1398.5,3980.6,5565.5,899.38,432.94,0.0,35.6,,,0.6372,138
Matagorda,48321,8151,4348,3803,1111,2905,696,3183,3,325,170.9,52,0,52,2,0,2,0,0,0.5334,0.1363,7209,2460,0.1307,0.1809,72.0,0.5005,0.7487,0.0566,0.1574,17592.65,16684.03,55997413.0,0.1521,248.5077,1319.1957,32572.61,0.2122,701.8536,0.3179,0.7242,5541.9416,0.0383,55.6079,1731.0713,28921.53,0.0317,38.6428,0.0085,8.7967,0.1109,720.3896,5150.1728,10191.11,0.0314,34.5586,2805.2152,0.8687,17348.4134,0.2262,1413.4464,0.7565,0.7072,0.3101,1019.1643,0.1467,455.8593,4952.92,2729.78,240.57,1108.52,931.31,430.57,1130.21,497.55,1338.69,587.27,415.82,309.53,1049.16,340.87,119.69,266.71,797.59,5160.69,9118.12,2470.4,497.55,17.9,58.83,55.9,0.0,0.5258,73
Austin,48015,8002,3532,4471,661,3288,756,3942,2,175,97.7,79,0,79,3,0,3,0,0,0.4414,0.0826,6760,2635,0.1837,0.2478,74.0,0.5312,0.8762,0.0322,0.0675,13278.15,12726.11,52342468.0,0.1365,215.1192,998.7316,25904.36,0.2023,493.4044,0.2613,0.7098,4350.0761,0.0312,41.3496,1254.1857,26812.79,0.0221,27.3973,,,0.0771,301.6235,2328.0061,7418.67,0.0342,34.7539,3501.0147,0.899,14007.103,0.2088,1345.5099,0.7856,0.738,0.1728,532.4708,0.141,408.9295,3535.4,2159.49,160.38,836.62,677.29,,572.11,625.52,1111.23,587.96,376.02,364.69,359.65,161.12,60.93,250.39,1200.22,4044.85,6854.74,1513.91,625.52,24.03,29.71,41.6,0.0,0.5583,62
Fayette,48149,7944,2808,5136,579,3525,926,4703,5,508,310.5,97,0,97,2,0,2,0,0,0.3535,0.0729,7063,2933,0.1247,0.2018,75.0,0.525,0.9026,0.0219,0.0506,13765.09,13398.44,64737237.0,0.1308,201.1482,989.7937,25780.23,0.1539,474.8033,0.243,0.6568,3364.8735,0.041,58.2607,2014.8841,25231.8,0.0281,32.5324,0.0023,2.7642,0.0889,370.4019,2633.2128,7128.16,0.0281,29.343,1874.3355,0.9166,15990.8569,0.2532,1502.2326,0.852,0.7229,0.3092,1226.2386,0.1448,327.4506,3371.22,2155.45,191.71,1035.45,818.51,98.63,633.55,329.83,1277.52,601.03,443.87,261.81,498.4,67.69,160.48,268.15,1282.45,4558.08,6655.25,1952.59,329.83,27.52,88.09,36.3,0.0,0.6112,54
Chambers,48071,7808,4232,3575,647,2893,578,2890,2,244,190.4,0,0,0,0,0,0,0,0,0.542,0.0829,6435,2000,0.2134,0.4465,73.0,0.5239,0.8478,0.0626,0.0644,17023.27,15871.42,49197255.0,0.1702,280.9689,1345.3287,27152.43,0.1588,633.218,0.3014,0.6886,4346.0208,0.0405,59.5156,1997.9239,31533.82,0.0277,34.9481,,,0.1007,474.3945,3387.8893,8406.24,0.0419,45.6747,4133.564,0.8671,17317.6471,0.2343,1516.955,0.7765,0.7464,0.2522,944.6367,0.1443,383.391,4622.49,2954.53,172.37,1276.63,923.95,,846.44,763.9,1360.98,577.94,477.58,452.31,673.4,168.69,132.73,172.11,1193.78,5137.22,8668.13,2200.58,763.9,0.0,65.81,,,0.7803,124
Erath,48143,7694,3390,4304,972,3144,731,3746,3,270,189.4,141,26,115,3,2,3,0,0,0.4406,0.1263,6926,2525,0.1109,0.2451,72.0,0.5235,0.9071,0.0088,0.0574,13176.97,12895.71,49360913.0,0.1474,214.8959,973.8388,22235.44,0.1604,624.6663,0.296,0.5406,2694.6076,0.0387,50.1869,1464.2285,17989.59,0.0152,17.0849,,,0.0916,283.2355,2106.2467,4986.94,0.0443,48.0513,5223.7053,0.8954,14387.3465,0.2432,1432.1943,0.8185,0.7424,0.1543,678.3235,0.1284,263.748,3276.55,2104.98,146.45,696.34,444.69,,456.63,863.25,1070.61,542.04,403.85,286.71,785.59,164.63,89.21,230.29,1258.43,4351.03,6464.94,1141.03,863.25,44.85,60.24,22.3,0.1844,0.7015,-6
Grimes,48185,7360,3754,3606,808,2706,587,2885,2,297,152.8,14,0,14,1,0,1,0,0,0.5101,0.1098,6029,2032,0.2208,0.3317,72.0,0.5019,0.8426,0.0593,0.0776,13922.94,13816.67,40167678.0,0.1588,244.714,1241.5945,24044.51,0.1644,610.052,0.2939,0.6752,4668.2842,0.0312,44.3674,1111.6118,35178.82,0.0239,29.4627,,,0.0853,316.1179,2638.1282,6296.13,0.0322,33.2756,2581.6291,0.869,15711.9584,0.2378,1512.9983,0.7726,0.7127,0.1123,411.0919,0.1362,337.2617,3817.12,2194.19,211.75,1097.43,717.67,,536.86,448.25,1190.1,603.64,362.43,342.26,501.54,291.01,59.21,191.97,1151.55,4143.95,7309.68,1815.1,448.25,5.17,56.47,193.3,0.0,0.5145,102
Palo Pinto,48363,7038,3023,4015,817,2809,660,3551,2,215,159.3,62,0,62,2,0,2,0,0,0.4295,0.1161,6539,2412,0.0763,0.1646,74.0,0.5283,0.9164,0.0118,0.0504,14587.47,13964.22,51800096.0,0.1695,261.0532,1292.8752,25109.21,0.1762,761.7573,0.336,0.659,3419.6001,0.0377,51.5348,1535.0605,20917.21,0.0237,28.1611,,,0.1098,458.4624,3443.537,6706.25,0.038,39.1439,3293.1569,0.8936,15194.3115,0.2619,1843.9876,0.7998,0.7502,0.2929,1103.9144,0.1538,338.4962,4256.76,1694.69,187.29,789.33,679.92,,736.54,558.7,1171.07,580.35,454.22,291.65,747.41,141.92,169.48,251.12,1570.55,5140.92,7112.13,1469.25,558.7,22.07,56.71,45.3,0.0,0.7409,59
San Jacinto,48407,6763,4067,2696,796,2552,536,2257,1,100,57.6,10,0,10,1,0,1,0,0,0.6014,0.1177,6616,2201,0.0222,0.1595,73.0,0.5113,0.8932,0.0523,0.0394,16267.88,15355.26,36716614.0,0.1608,277.8024,1491.8033,29927.12,0.2066,606.1143,0.2969,0.5764,2766.0611,0.0244,35.8883,873.2831,18845.38,0.0328,40.319,,,0.0895,344.7054,2318.1214,6357.71,0.0377,41.2051,3346.0346,0.8799,17932.2109,0.2689,1677.4479,0.8325,0.7249,0.0527,199.8228,0.1431,329.1981,4813.27,2285.86,394.97,459.24,1001.88,,569.01,598.82,1432.78,673.34,647.19,495.99,1308.4,157.19,24.83,200.75,944.29,5422.49,8525.38,1461.12,598.82,3.92,22.57,255.2,0.0,0.576,100
Milam,48331,6529,3862,2667,838,2607,603,2218,3,293,191.9,0,0,0,0,0,0,0,0,0.5915,0.1284,6080,2258,0.0738,0.1546,72.0,0.5099,0.8228,0.0627,0.092,14325.97,14059.35,31774996.0,0.1492,235.3472,1187.1055,26429.08,0.1932,573.0388,0.2976,0.6853,6215.5095,0.0428,64.4725,2339.495,27635.13,0.0271,34.2651,,,0.096,448.6023,2940.0361,7534.69,0.037,38.7737,2977.0063,0.8747,14300.7214,0.2322,1583.4085,0.6943,0.7078,0.0676,264.6528,0.1411,336.7899,3944.1,2161.93,197.41,1183.65,770.21,,723.57,531.32,1022.82,447.87,420.77,224.69,566.41,246.05,41.74,226.1,1093.69,4093.69,7223.46,1953.86,531.32,0.0,73.61,,,0.6549,112
Lampasas,48281,6235,2756,3479,566,2440,555,2997,3,260,145.9,66,0,66,2,0,2,0,0,0.442,0.0908,5392,1946,0.1563,0.2539,72.0,0.5202,0.8408,0.0407,0.0764,11836.07,11747.76,35472694.0,0.1315,197.5309,893.2266,22627.39,0.1712,589.5896,0.2779,0.7384,7004.3377,0.0257,32.6994,722.3891,24065.37,0.014,17.017,,,0.0958,375.709,2228.5619,6850.56,0.0374,39.7064,4198.8655,0.8582,11414.7481,0.2412,1634.6346,0.7858,0.7401,0.4875,1486.8202,0.0667,121.4548,2974.7,2387.14,396.69,618.3,458.18,,656.03,739.75,863.88,483.83,339.34,188.53,348.86,,209.39,73.32,873.04,3479.07,6315.68,1076.48,739.75,27.05,59.8,37.0,0.0,0.5612,39
Lavaca,48285,5985,2125,3860,612,2616,686,3589,6,635,336.9,27,0,27,2,0,2,0,0,0.3551,0.1023,5344,2162,0.1199,0.21,74.0,0.5391,0.9058,0.0242,0.0535,15877.11,15548.29,56982950.0,0.1622,252.9953,1159.6545,22062.36,0.1524,607.6902,0.3132,0.8192,7799.9443,0.0507,71.6077,2154.6392,27849.0,0.0228,27.3057,0.0061,7.2444,0.0908,320.1449,2176.0936,5645.02,0.0329,33.7141,2637.7821,0.8947,13476.4558,0.2343,2277.236,0.7216,0.7629,0.5322,2583.4494,0.1396,283.3658,3577.68,3365.31,188.47,1412.24,637.6,480.35,512.75,449.5,1039.34,514.68,285.56,240.22,1378.84,128.27,398.44,230.35,839.75,4694.9,8004.76,2530.19,449.5,10.32,128.78,96.9,0.0,0.5306,85
Montague,48337,5939,2138,3802,647,2406,590,3440,2,269,198.0,102,5,97,5,1,5,0,0,0.36,0.1089,5264,2050,0.1282,0.1737,74.0,0.5439,,,,15114.89,14973.94,51995230.0,0.1593,241.8605,1086.9186,22444.65,0.1679,683.4302,0.3305,0.7102,4052.6163,0.0378,52.907,1642.1512,24607.15,0.0311,37.5,,,0.1474,888.9535,6880.5233,8844.63,0.0424,45.3488,4925.2907,0.864,13757.8488,0.2314,1516.5698,0.6901,0.7317,0.5352,2065.1163,0.1105,249.4186,3575.48,2029.0,227.14,929.92,904.62,,1303.55,831.8,1052.81,532.7,345.63,278.33,900.91,122.49,273.36,191.08,1297.26,5451.85,6677.89,1834.54,831.8,42.39,82.29,23.6,0.049,0.7361,1
Colorado,48089,5936,2241,3695,580,2434,606,3283,4,415,243.3,56,0,56,2,0,2,0,0,0.3775,0.0977,5335,2142,0.1127,0.1363,74.0,0.5297,0.8422,0.0609,0.0792,14520.2,13810.07,47669821.0,0.1343,197.685,980.8102,26388.91,0.1658,579.0436,0.3083,0.7944,7430.0944,0.0466,61.2245,1884.8614,32178.25,0.0222,25.5864,0.0034,3.6552,0.0807,330.4904,2429.1806,6793.28,0.0289,29.2415,1438.3186,0.8748,13646.0554,0.2373,1782.8206,0.7088,0.7408,0.5726,2615.5955,0.1371,442.2784,3544.78,3062.19,119.47,1499.63,654.39,148.94,548.35,256.17,1104.49,652.66,302.05,319.28,376.59,163.37,315.94,334.45,785.28,3751.98,7876.92,2302.96,256.17,23.01,99.96,43.5,0.0,0.5863,49
Houston,48225,5935,2933,3002,890,2303,571,2651,3,286,167.6,36,0,36,1,0,1,0,0,0.4942,0.15,5531,2096,0.073,0.0988,74.0,0.5119,0.8721,0.0883,0.0215,13837.76,13783.93,36683910.0,0.1452,223.312,1181.0637,25031.88,0.1856,580.5356,0.3003,0.6684,3843.8325,0.0404,55.4508,1683.1384,39614.74,0.0207,24.519,,,0.0954,397.2086,2734.4398,6497.67,0.0404,43.0026,3291.9653,0.8612,14633.7231,0.2324,1535.2697,0.7922,0.7035,0.275,1046.3976,0.1324,292.3425,3635.33,1829.13,221.55,1598.94,520.46,,620.11,565.98,1110.43,476.8,412.58,215.13,639.78,180.68,208.18,282.65,825.96,4032.17,6626.14,2119.4,565.98,15.63,72.77,64.0,0.0,0.586,63
Titus,48449,5830,2737,3093,857,2263,546,2659,3,362,215.4,265,36,229,7,1,7,0,0,0.4695,0.147,5613,1935,0.0387,0.1695,73.0,0.5419,0.8274,0.0572,0.0959,12736.06,12785.54,33865170.0,0.1459,220.0075,1048.5145,21446.7,0.188,528.7702,0.2757,0.7796,6111.32,0.029,40.6168,1038.3603,20660.8,0.0214,25.5735,,,0.1143,554.7198,3921.399,7541.33,0.0338,35.7277,3092.516,0.8714,13374.953,0.2772,2132.7567,0.7725,0.7597,0.5141,1773.9752,0.1301,276.4197,3129.49,2606.01,95.18,598.3,532.14,,862.19,517.8,997.36,464.9,421.27,206.94,583.44,243.22,209.28,194.97,805.27,4085.75,6733.77,1130.44,517.8,117.1,95.18,8.5,0.1358,0.595,-168
Hale,48189,5815,2898,2917,1000,2248,591,2446,2,214,133.3,59,16,43,2,1,2,0,0,0.4984,0.172,5518,2148,0.0538,0.0466,74.0,0.5241,0.6905,0.0196,0.2739,13268.99,13028.38,32455947.0,0.1312,199.5094,965.6582,26050.38,0.1544,613.2461,0.285,0.7666,6127.5552,0.0303,38.8389,1006.1325,21129.51,0.0286,38.4301,,,0.0838,348.3238,2691.3328,6610.6,0.0458,49.4685,6000.4088,0.8005,12580.1308,0.2576,1838.5119,0.648,0.7089,0.6316,2744.072,0.1194,261.2428,3418.71,2154.9,160.25,639.24,889.38,,554.04,970.92,876.9,464.3,234.82,166.97,763.7,242.37,458.76,169.74,798.26,3853.45,6610.27,1528.62,970.92,26.25,59.3,38.1,0.2712,0.6229,38
Bosque,48035,5717,2874,2844,536,2405,567,2423,3,332,229.9,32,0,32,1,0,1,0,0,0.5027,0.0938,5144,2040,0.1114,0.1789,74.0,0.5241,0.9282,0.0087,0.0458,12089.49,11975.39,29292823.0,0.1341,191.0854,881.5518,22400.78,0.1432,540.2394,0.2745,0.7565,5715.6418,0.0371,47.4618,1193.9744,22982.96,0.0136,14.4449,,,0.0586,178.2914,1234.4201,5235.21,0.0384,41.2712,3879.9009,0.8238,10045.811,0.2068,1248.865,0.7115,0.7441,0.5019,2511.7623,0.1217,216.6735,3004.65,1886.16,283.96,853.68,322.24,,306.81,661.07,775.32,449.53,373.92,247.54,284.34,119.7,410.94,197.27,1581.86,3980.73,5941.27,1175.92,661.07,13.31,95.59,75.2,0.0,0.6925,71
Uvalde,48463,5693,3238,2455,1246,2452,601,2110,2,315,138.7,76,0,76,2,0,2,0,0,0.5688,0.2189,5436,2063,0.0473,0.1886,73.0,0.5156,,,,11489.09,11621.78,24241978.0,0.1436,227.9621,1165.4028,22906.33,0.2065,730.3318,0.3327,0.6602,4681.9905,0.0336,45.9716,1140.7583,17939.57,0.0175,21.8009,,,0.0758,354.9763,2423.6967,6875.38,0.0332,34.5972,2665.8768,0.8133,11407.109,0.2028,1219.9052,0.7469,0.5336,0.6024,2664.9289,0.1597,410.4265,3289.39,1731.1,227.67,603.65,528.28,,521.36,429.93,887.96,421.66,318.38,158.38,283.89,351.3,292.76,327.54,904.69,3367.42,6348.66,1131.93,429.93,31.0,56.57,32.3,0.0,0.4403,29
Leon,48289,5676,2753,2923,503,2305,538,2489,1,74,30.5,0,0,0,0,0,0,0,0,0.485,0.0886,5040,1970,0.1262,0.1701,74.0,0.5042,0.8963,0.0482,0.0354,12210.09,12010.37,30390915.0,0.1322,200.4821,1041.3821,24886.27,0.1698,509.8433,0.2632,0.6613,3717.959,0.0261,34.9538,975.0904,29304.75,0.0229,26.1149,,,0.0904,364.8051,2831.6593,6627.29,0.0358,36.1591,3601.8481,0.8746,13184.8132,0.2318,1504.6203,0.7654,0.7212,0.237,868.2202,0.1266,285.6569,3289.51,1794.28,205.05,765.29,606.73,,599.09,602.3,991.69,480.15,374.2,258.04,444.45,114.45,125.71,287.27,974.53,3767.71,6170.71,1372.02,602.3,0.0,13.23,,,0.4122,99
Panola,48365,5560,2694,2866,689,2102,506,2521,3,303,159.6,62,14,48,3,1,3,0,0,0.4845,0.1239,5259,1880,0.0572,0.1181,73.0,0.5216,0.8965,0.0698,0.0155,13893.45,13948.09,35025390.0,0.161,237.6041,1034.1134,20596.48,0.1357,651.3288,0.3257,0.7549,5207.854,0.0381,44.8235,1445.4582,17691.56,0.0254,30.1468,,,0.1242,482.3483,2939.3098,6498.97,0.0369,39.6668,3944.4665,0.8727,13416.1047,0.2896,1935.3431,0.7648,0.7568,0.497,2133.6771,0.1337,264.9742,3317.01,2514.08,160.51,673.7,779.38,,806.89,668.0,964.14,529.87,451.1,240.39,871.06,153.97,290.6,161.78,893.3,4517.48,6837.22,1453.08,668.0,29.5,75.93,33.9,0.2258,0.5267,28
Limestone,48293,5479,2819,2661,933,2004,457,2310,5,392,263.6,10,0,10,1,0,1,0,0,0.5145,0.1703,5201,1779,0.0535,0.1265,72.0,0.5013,0.8203,0.0957,0.0589,14269.71,14272.19,32963030.0,0.1563,226.8398,1172.7273,23122.6,0.1263,711.2554,0.3463,0.7996,6193.5065,0.042,53.2468,1367.5325,20649.55,0.0147,15.5844,,,0.0857,392.2078,2274.4589,7369.57,0.0455,48.0519,5675.3247,0.8532,13754.5455,0.2234,1573.5931,0.6835,0.7165,0.5177,2560.1732,0.1052,210.3896,3613.53,1986.19,249.34,867.1,389.77,,631.68,944.82,1016.1,483.13,338.39,285.34,1413.54,,395.99,162.03,662.19,4743.23,6494.22,1256.87,944.82,4.99,131.54,200.4,0.0,0.6724,76
Shelby,48419,5461,2859,2601,953,2082,509,2307,3,349,152.6,16,0,16,1,0,1,0,0,0.5235,0.1745,5147,1894,0.061,0.0993,73.0,0.5327,0.8682,0.0767,0.0368,13341.44,13570.39,30778706.0,0.1526,250.5418,1311.2267,24545.45,0.192,667.5336,0.3238,0.6389,3464.6727,0.0403,56.7837,1725.6177,20413.66,0.0134,15.6047,,,0.1235,533.5934,3487.2128,6796.74,0.0338,34.2436,2139.1417,0.8656,13706.1118,0.2696,2234.9371,0.8153,0.7065,0.3047,1143.0429,0.1357,318.5956,3745.12,2167.58,278.08,822.92,382.06,,839.65,372.76,1056.36,527.25,430.31,242.08,702.05,299.34,130.4,225.06,669.3,4070.15,7242.43,1204.98,372.76,7.68,73.29,130.1,0.0,0.4372,73
Tyler,48457,5368,2773,2595,673,2061,495,2352,2,179,103.6,55,0,55,1,0,1,0,0,0.5166,0.1254,5104,1907,0.0517,0.0808,73.0,0.5234,0.9205,0.051,0.0145,14565.81,14289.28,34258780.0,0.1548,224.0646,1070.1531,22529.89,0.1643,654.3367,0.3257,0.7037,4198.1293,0.0323,40.8163,1235.5442,18812.5,0.0225,25.085,,,0.1169,664.966,3822.2789,8441.26,0.0544,56.9728,7783.5884,0.8652,14693.0272,0.2636,1877.9762,0.8265,0.7279,0.3274,1215.1361,0.1424,306.5476,3486.77,2354.0,312.8,607.89,660.98,,986.97,1299.15,1108.69,484.78,463.1,304.93,658.63,196.54,193.44,245.97,1006.64,4722.4,7080.86,1268.87,1299.15,26.69,50.27,37.5,0.0,0.5788,34
Kleberg,48273,5352,3651,1701,1112,2032,471,1367,2,266,161.3,0,0,0,0,0,0,0,0,0.6822,0.2078,5070,1818,0.0556,0.1177,73.0,0.5018,0.455,0.0241,0.4813,14366.03,13618.24,19638366.0,0.1544,242.8676,1216.5326,29332.2,0.1841,659.8391,0.3102,0.5048,3275.0549,0.03,42.4287,1136.7959,20331.98,0.0285,32.9188,,,0.1207,620.3365,3951.7191,7661.63,0.0439,46.8178,6318.2151,0.8815,15073.1529,0.2297,1341.624,0.8405,0.7147,0.0234,61.4484,0.1624,514.9963,4527.5,1156.66,240.89,609.81,841.07,,924.78,1049.93,1115.51,541.32,450.12,299.61,403.19,275.35,9.4,260.73,981.83,4184.44,7002.45,1450.88,1049.93,0.0,79.38,,,0.6064,87
Burleson,48051,5262,2768,2494,530,1982,467,2036,2,202,92.4,16,0,16,1,0,1,0,0,0.526,0.1007,4535,1616,0.1603,0.2265,73.0,0.5123,0.8581,0.056,0.0643,13278.48,13154.79,27034984.0,0.1586,236.7387,1069.2534,21998.93,0.167,621.8075,0.3089,0.7151,5781.9253,0.0373,51.0806,1661.5914,28560.61,0.0206,22.5933,,,0.0796,339.391,2686.6405,7456.2,0.0354,37.8193,2606.5815,0.8698,14592.3379,0.2367,1494.5972,0.7711,0.7205,0.2755,919.4499,0.1547,362.9666,3490.01,2213.03,208.12,1066.11,535.91,,593.27,464.44,1056.53,510.85,271.99,249.66,659.13,157.42,120.58,245.08,1149.08,4100.24,6824.51,1602.02,464.44,8.07,46.62,123.9,0.0,0.4574,69
Howard,48227,5250,2242,3008,702,1905,479,2590,3,397,281.0,44,0,44,1,0,1,0,0,0.427,0.1337,5327,1891,-0.0145,0.0074,73.0,0.5197,0.7355,0.022,0.2174,13234.45,12923.99,34277215.0,0.1344,199.6139,1023.166,25682.07,0.137,669.8842,0.2892,0.6595,3362.5483,0.0378,47.4903,1587.6448,30398.62,0.0247,29.7297,,,0.1085,701.5444,4582.6255,9003.59,0.0444,47.1042,4812.3552,0.839,11101.1583,0.205,1324.7104,0.7178,0.6448,0.3274,1032.8185,0.1506,344.7876,3450.72,2353.57,110.21,1150.22,661.76,,976.84,787.89,811.36,404.83,299.96,158.1,368.25,221.21,152.33,295.62,754.84,3521.68,6836.16,1811.98,787.89,23.1,147.51,43.3,0.0,0.7078,38
Bee,48025,5238,3387,1852,999,1935,467,1584,2,221,131.6,16,0,16,1,0,1,0,0,0.6466,0.1907,4907,1677,0.0675,0.1538,73.0,0.5347,0.6035,0.0152,0.3605,14180.07,13546.64,22461232.0,0.1414,213.3838,1058.0808,25598.53,0.1672,725.3788,0.3239,0.5657,2517.6768,0.0385,47.9798,1030.303,15085.27,0.0354,41.6667,,,0.1124,533.4596,4113.0051,7562.51,0.0556,61.8687,7184.3434,0.8605,13204.5455,0.2121,1277.7778,0.7797,0.7229,0.3504,1517.0455,0.161,410.9848,3619.99,1363.56,161.7,580.94,1020.61,,849.83,1180.43,972.02,450.02,356.19,287.23,964.32,301.76,130.06,238.39,689.85,4249.5,6135.42,1601.55,1180.43,8.27,68.01,120.9,0.0,0.5955,67
Eastland,48133,5058,2301,2756,686,2014,500,2440,4,266,182.3,48,0,48,1,0,1,0,0,0.4549,0.1356,4629,1845,0.0927,0.0916,73.0,0.5266,0.9168,0.0074,0.0615,14454.02,14242.82,35267805.0,0.1631,235.6557,1176.6393,22560.92,0.1455,647.9508,0.3172,0.698,5537.7049,0.0439,61.4754,1950.4098,21920.0,0.0275,31.5574,,,0.1119,428.2787,3916.8033,6301.22,0.0508,52.0492,5586.4754,0.8676,12438.5246,0.2467,1720.082,0.7352,0.7299,0.25,1177.0492,0.1463,331.5574,3680.02,2268.15,283.61,961.25,725.35,,705.01,927.91,925.9,503.61,314.38,217.82,988.08,107.99,146.88,359.23,835.03,4133.1,7202.61,1686.6,927.91,23.83,90.52,42.0,0.0,0.6853,39
Freestone,48161,4872,2354,2518,560,1922,451,2265,3,261,142.0,0,0,0,0,0,0,0,0,0.4832,0.1149,4408,1611,0.1053,0.193,73.0,0.5152,0.8768,0.0693,0.0305,12934.57,12761.73,29296812.0,0.1475,216.777,961.1479,23075.67,0.1739,698.0132,0.3157,0.7885,4972.1854,0.0393,52.9801,1671.5232,21166.5,0.019,22.0751,,,0.098,386.3135,2549.2274,6352.69,0.0362,38.4106,4009.2715,0.8503,12341.7219,0.2366,1571.7439,0.7091,0.7302,0.5832,2203.532,0.1391,320.0883,3402.77,1873.42,233.65,831.71,529.27,,622.65,675.34,933.22,488.68,394.44,237.17,445.5,140.05,354.87,313.73,995.88,3983.73,6452.3,1360.98,675.34,0.0,73.88,,,0.5441,83
Trinity,48455,4684,2718,1967,656,1798,387,1730,3,227,160.4,0,0,0,0,0,0,0,0,0.5803,0.1401,4253,1536,0.1013,0.1706,73.0,0.4994,0.9006,0.0509,0.0347,16469.52,16027.58,28492263.0,0.1665,268.2081,1459.5376,28963.24,0.1939,573.4104,0.2994,0.589,2719.6532,0.0364,54.9133,1591.9075,20924.11,0.0225,26.5896,,,0.0983,373.4104,2545.0867,6341.9,0.0474,52.0231,4364.7399,0.863,16804.0462,0.2474,1900.578,0.8012,0.7098,0.1497,512.7168,0.1636,410.4046,4821.63,2268.98,314.97,761.98,732.39,,623.19,763.98,1323.15,609.15,477.21,326.93,870.35,,47.31,274.28,1550.21,5218.35,8289.01,1494.37,763.98,0.0,89.21,,,0.7066,77
DeWitt,48123,4678,2128,2550,572,1971,466,2363,3,300,173.4,32,16,16,2,1,2,0,0,0.4549,0.1223,4536,1774,0.0313,0.111,74.0,0.5239,0.807,0.0288,0.1367,14098.76,13966.94,33315359.0,0.1409,209.9027,970.7998,23397.16,0.152,799.4075,0.369,0.8282,7424.0372,0.0423,52.4757,1669.0647,22466.27,0.0432,52.4757,0.0059,7.1942,0.0927,319.0859,2200.5925,5669.13,0.0351,37.2408,2401.6081,0.8603,12297.9264,0.2226,1490.9014,0.7097,0.7461,0.5899,2307.6598,0.0901,269.5726,3297.19,2907.39,137.41,950.75,1114.13,318.87,525.41,442.31,962.79,512.25,331.1,278.13,581.57,251.91,299.37,187.39,768.01,3746.38,7293.54,2383.75,442.31,16.24,87.98,61.6,0.5,0.578,53
Young,48503,4661,1287,3374,525,1765,441,3053,3,325,151.5,96,16,80,2,1,2,0,0,0.2761,0.1126,4377,1634,0.0649,0.0802,73.0,0.5323,0.9292,0.0052,0.0481,15688.33,15865.04,47896457.0,0.1399,208.6472,943.662,23862.56,0.1467,675.4012,0.3164,0.8392,6434.982,0.039,60.2686,1663.6096,31282.79,0.0242,26.8588,,,0.1415,867.3436,6200.7861,8955.49,0.0524,54.3727,6034.0649,0.8909,16619.7183,0.2538,1616.4428,0.7651,0.7914,0.3999,1701.605,0.1481,331.4772,3337.48,2187.73,207.26,1219.34,664.51,,1267.2,1000.0,1215.85,516.39,477.21,275.85,671.61,127.26,267.93,294.8,1699.78,5875.43,6670.92,1883.85,1000.0,54.39,85.84,18.4,0.1667,0.4662,-20
Calhoun,48057,4657,2308,2349,557,1796,444,2031,2,278,179.3,100,0,100,1,0,1,0,0,0.4956,0.1196,4250,1606,0.0958,0.1183,74.0,0.5175,0.7445,0.0113,0.1974,14931.56,14883.2,30325998.0,0.1502,267.356,1246.1841,27018.52,0.2174,741.0143,0.3186,0.7129,5107.8287,0.0433,62.0384,1783.8503,29507.32,0.0355,45.7903,0.0118,12.3092,0.1009,424.9138,3311.1768,6877.1,0.033,34.9581,1813.8848,0.8208,12144.7563,0.2127,1266.8636,0.7405,0.7016,0.6573,3129.0005,0.1438,361.8907,4057.43,2562.6,224.96,1278.51,971.33,484.76,694.14,352.59,936.82,519.28,378.95,275.92,465.57,181.67,365.03,231.97,700.26,3816.69,7777.91,2734.6,352.59,55.68,99.83,18.0,0.0,0.645,-23
Gonzales,48177,4654,2174,2479,643,1821,500,2159,2,212,135.4,24,0,24,2,0,2,0,0,0.4671,0.1382,4072,1547,0.1429,0.1771,74.0,0.5123,0.742,0.0324,0.2033,12845.77,12818.62,27734010.0,0.1135,168.1334,762.39,23999.71,0.1746,586.3826,0.2964,0.7805,5651.6906,0.032,40.2964,1508.5688,22130.13,0.0352,42.6123,0.0079,9.2635,0.0917,285.7805,2095.4145,5278.61,0.0343,35.2015,3136.1742,0.8346,14735.0625,0.2145,1744.7893,0.7138,0.6994,0.5086,2276.5169,0.1264,312.6447,2723.45,2063.46,193.74,707.26,993.53,297.05,484.1,515.39,1128.82,491.22,382.56,234.94,632.77,280.54,315.63,187.9,976.51,4155.33,5940.31,1997.84,515.39,13.18,74.35,75.9,0.0,0.6387,54
Blanco,48031,4415,1717,2698,239,1785,374,2318,1,60,29.2,0,0,0,0,0,0,0,0,0.3889,0.0541,3418,1239,0.2917,0.4407,74.0,0.5324,0.9077,0.0052,0.0595,12666.13,12380.54,29360100.0,0.1255,185.0733,872.7351,23602.77,0.1387,474.547,0.2498,0.604,3681.6221,0.0263,36.6695,1051.7688,18799.87,0.0242,27.1786,0.0,0.0,0.094,218.723,1596.2036,4207.85,0.0324,35.3753,3013.805,0.9124,13083.6928,0.2308,1326.5746,0.8378,0.7649,0.1816,566.868,0.1135,255.3926,2963.07,1969.1,284.37,494.73,651.52,0.0,395.73,527.54,1032.14,620.52,409.29,291.96,854.3,,102.21,177.55,1400.95,4486.58,6014.61,1146.25,527.54,0.0,16.36,,,0.4867,77
Robertson,48395,4320,2257,2063,562,1672,404,1751,3,252,136.7,0,0,0,0,0,0,0,0,0.5225,0.1301,3860,1377,0.1192,0.2142,73.0,0.5174,0.7967,0.1114,0.0748,14143.82,14102.52,24765834.0,0.1588,242.1473,1125.6425,23597.67,0.1726,568.8178,0.2975,0.7036,4979.4403,0.0303,42.8327,1455.1685,22741.62,0.036,39.9772,0.0,0.0,0.1131,557.3958,3951.4563,7993.5,0.0371,41.1194,3468.8749,0.8852,14584.8087,0.2399,1563.1068,0.7396,0.7316,0.2667,1270.7025,0.1668,386.6362,3746.52,2014.78,209.16,688.35,922.29,0.0,903.89,599.6,1063.19,499.55,277.97,278.21,811.04,185.81,184.82,264.26,1159.82,4678.94,6920.08,1610.64,599.6,0.0,81.76,,,0.5425,72
Hutchinson,48233,4304,1749,2555,427,1553,345,2283,2,230,94.0,16,0,16,1,0,1,0,0,0.4064,0.0992,4119,1479,0.0449,0.05,72.0,0.537,0.8918,0.0123,0.0762,14137.73,14142.67,32276426.0,0.1542,230.3986,1106.8769,21904.9,0.1627,583.8809,0.2847,0.657,4208.4976,0.0412,54.3145,1072.2733,23183.62,0.0206,22.777,,,0.0837,352.1682,2680.2453,7091.83,0.0337,35.9177,3476.1279,0.8655,15282.961,0.2567,1863.3377,0.7937,0.7332,0.24,721.8572,0.1327,279.0188,3377.36,2221.14,429.4,954.56,478.25,,593.32,569.1,1066.5,491.96,415.85,402.78,417.64,146.6,89.09,373.44,1758.65,4743.83,7039.9,1432.81,569.1,10.3,60.53,97.1,0.0,0.4087,51
Hockley,48219,4246,2243,2002,563,1623,423,1731,2,207,99.6,50,14,36,2,1,2,0,0,0.5283,0.1326,3956,1529,0.0733,0.0615,74.0,0.5211,0.7811,0.0144,0.1837,14004.53,13718.73,24241846.0,0.141,219.5263,1127.6719,25765.25,0.1718,615.829,0.3056,0.736,4140.3813,0.0399,52.5708,1521.0861,19413.14,0.03,37.5505,,,0.093,430.3871,2847.487,7300.37,0.0503,54.3039,6871.7504,0.8365,13867.7065,0.2553,1866.5511,0.6771,0.71,0.4367,1424.6101,0.0664,110.3408,3631.84,2252.43,258.32,773.83,917.08,,679.01,1109.07,993.52,425.97,261.74,179.17,708.4,180.92,219.65,64.94,841.58,3883.07,6814.42,1690.91,1109.07,30.81,61.37,32.5,0.28,0.4812,20
Gray,48179,4153,1615,2538,554,1592,408,2339,3,272,107.4,43,0,43,1,0,1,0,0,0.3889,0.1334,4093,1635,0.0147,-0.0263,73.0,0.549,0.8829,0.0141,0.0838,13667.23,14159.33,31967656.0,0.1492,233.8606,1125.6947,22584.54,0.158,635.3142,0.2912,0.6507,3380.932,0.0368,49.1663,1110.3035,28088.39,0.0162,18.8115,,,0.0885,360.4104,2610.5173,6633.94,0.0487,54.7242,6373.664,0.8384,12316.3745,0.2527,1797.7768,0.7606,0.7482,0.5896,2516.46,0.1407,282.1719,3369.82,1443.96,356.25,1032.75,377.33,,587.1,1031.03,895.16,469.82,387.9,382.49,482.85,154.29,272.85,285.43,1879.91,4888.26,6079.57,1410.08,1031.03,27.01,67.46,37.0,0.0,0.3949,25
Lee,48287,4107,1903,2204,382,1645,428,1846,2,186,98.5,16,0,16,1,0,1,0,0,0.4634,0.093,3723,1349,0.1031,0.2194,73.0,0.5217,0.8456,0.0482,0.078,13063.02,12961.1,24114329.0,0.1257,198.8082,1011.3759,24868.85,0.1473,479.9567,0.2486,0.558,2825.5688,0.032,43.8787,1355.9047,26701.33,0.0309,35.753,,,0.0856,324.4854,2277.8982,6511.32,0.0287,30.8776,2842.9036,0.8852,14771.3976,0.2443,1481.0401,0.8142,0.6918,0.1473,568.7974,0.1354,293.0661,3125.45,1570.41,359.91,853.4,862.38,,557.31,466.09,1108.87,556.93,389.16,273.16,1176.55,,81.13,204.59,934.54,4520.72,5817.29,1715.78,466.09,9.73,59.88,102.8,0.0,0.5296,55
Falls,48145,3775,2288,1487,620,1457,373,1175,2,171,81.5,0,0,0,0,0,0,0,0,0.6061,0.1642,3670,1271,0.0286,0.1463,72.0,0.5166,0.7362,0.1455,0.1004,12580.02,12230.12,14781523.0,0.1294,192.3404,960.8511,22124.51,0.1593,575.3191,0.2953,0.7464,7440.0,0.04,57.0213,1874.0426,24359.02,0.0196,19.5745,,,0.0979,470.6383,3410.2128,7990.43,0.034,38.2979,3608.5106,0.8272,12504.6809,0.2366,1531.9149,0.7004,0.7115,0.274,1709.7872,0.1098,252.766,2862.06,2764.36,253.51,974.36,426.5,,782.04,634.26,913.85,412.39,298.44,245.11,305.42,,286.02,157.53,358.3,3189.18,6449.85,1400.86,634.26,0.0,55.94,,,0.4766,63
Willacy,48489,3704,2865,839,1328,1431,374,672,1,120,53.4,16,0,16,1,0,1,0,0,0.7735,0.3585,3629,1323,0.0207,0.0816,73.0,0.4985,,,,13891.24,13734.02,9334916.0,0.1533,230.6548,1312.5,26362.34,0.2466,474.7024,0.2664,0.4494,1861.6071,0.0461,56.5476,1547.619,17517.7,,,,,0.0804,456.8452,4738.0952,9611.7,0.058,61.0119,9686.0119,0.808,14688.9881,0.2366,1601.1905,0.7515,0.625,0.128,552.0833,0.131,261.9048,4040.66,925.87,75.55,808.11,,,772.37,1497.07,1109.8,434.4,402.85,211.8,1110.95,442.34,80.71,155.61,823.47,4511.95,6074.43,808.11,1497.07,11.18,37.32,89.4,0.0,0.445,45
Comanche,48093,3699,1448,2251,474,1616,375,1983,3,356,178.1,36,0,36,1,0,1,0,0,0.3915,0.1281,3589,1456,0.0306,0.1099,74.0,0.5108,,,,13428.81,13335.83,26629339.0,0.1372,203.2274,936.4599,22989.29,0.1513,596.5709,0.2885,0.761,6909.7327,0.0509,68.583,2135.1488,25896.31,0.0156,17.1457,,,0.0913,285.4261,1991.4271,4987.8,0.0489,50.4286,4915.7842,0.8079,9863.8427,0.2093,1296.0161,0.6218,0.7105,0.6954,3971.2557,0.1306,274.8361,3153.35,3034.35,252.46,1318.97,381.55,,455.27,820.76,719.0,467.14,262.3,184.27,442.44,195.89,619.91,283.81,462.48,3145.67,7387.0,1700.52,820.76,22.28,110.21,44.9,0.0,0.5003,33
Callahan,48059,3687,1605,2083,403,1465,342,1812,2,122,71.7,0,0,0,0,0,0,0,0,0.4353,0.1093,3356,1253,0.0986,0.1692,73.0,0.5215,0.9387,0.0088,0.0292,13522.65,13364.54,24503043.0,0.1667,258.2781,1330.0221,22161.23,0.1304,592.7152,0.3079,0.7009,4900.1104,0.0392,49.117,1762.1413,23365.66,0.0386,44.1501,,,0.1164,491.7219,3571.7439,7149.85,0.037,38.6313,3020.4194,0.888,15455.8499,0.2583,1592.7152,0.7754,0.7406,0.2489,975.1656,0.128,221.3024,3693.54,1838.4,323.67,915.54,1057.94,,832.57,563.3,1137.37,514.33,344.67,211.64,464.97,,134.95,153.97,844.48,3970.65,6523.91,1973.48,563.3,0.0,48.94,,,0.5877,63
Sabine,48403,3627,1395,2232,405,1415,344,2088,2,179,116.8,0,0,0,0,0,0,0,0,0.3846,0.1117,3374,1310,0.075,0.0802,73.0,0.4971,0.9526,0.0239,0.0086,14540.92,14271.84,30361437.0,0.1633,242.3372,1156.6092,22794.86,0.1461,640.3257,0.3233,0.7184,4599.6169,0.0445,61.7816,2106.3218,43105.75,0.011,11.9732,,,0.0958,360.6322,2193.4866,5918.53,0.046,49.3295,5059.8659,0.8491,12157.567,0.2466,1872.6054,0.7375,0.7198,0.4057,1750.0,0.1518,365.9004,3722.72,2410.8,261.15,1919.94,313.44,,566.91,858.1,924.96,556.9,346.46,255.82,504.23,,252.31,323.3,675.02,3525.71,7274.87,2233.38,858.1,0.0,82.54,,,0.6525,61
Red River,48387,3624,1590,2034,640,1424,334,1844,2,252,105.0,0,0,0,0,0,0,0,0,0.4387,0.1766,3512,1289,0.0319,0.1047,73.0,0.532,0.8883,0.0738,0.0184,14962.22,15248.72,27590339.0,0.186,259.7614,1077.5488,16905.25,0.1233,572.6681,0.3124,0.5369,2549.8915,0.0363,46.0954,1316.7028,18970.22,0.032,34.7072,,,0.173,1169.7397,9371.4751,10479.62,0.039,40.1302,3680.0434,0.9008,17225.0542,0.3064,2351.9523,0.8644,0.7614,0.3449,1438.7202,0.147,276.0304,3144.52,1758.09,179.51,689.27,860.44,,1812.91,613.8,1345.04,509.24,804.01,302.55,1171.75,155.29,168.77,202.72,855.92,6460.95,5949.37,1549.71,613.8,0.0,73.74,,,0.4167,61
Rains,48379,3575,1632,1943,338,1419,292,1673,1,68,45.9,0,0,0,0,0,0,0,0,0.4565,0.0945,3201,1126,0.1168,0.2602,73.0,0.5164,0.9522,0.0126,0.0203,13464.84,13419.15,22526682.0,0.1417,212.1937,1068.7388,21844.94,0.1321,632.9946,0.3144,0.8033,5835.0269,0.0347,46.6228,1444.1124,21120.31,0.0221,23.3114,,,0.0974,445.9056,3038.2546,6961.23,0.0395,43.6342,3462.0442,0.8822,14392.7077,0.2534,1416.6169,0.8063,0.7681,0.4328,1315.6007,0.1423,288.1052,3094.59,2385.52,247.46,732.2,573.41,,678.23,572.72,1060.89,561.65,401.67,251.19,589.95,,149.15,204.96,1384.01,4515.09,6494.18,1305.61,572.72,0.0,32.35,,,0.675,61
Morris,48343,3566,1870,1696,586,1275,341,1444,1,106,64.8,50,0,50,1,0,1,0,0,0.5244,0.1643,3425,1222,0.0412,0.0434,73.0,0.5291,0.8463,0.115,0.0291,13426.69,13459.28,19388143.0,0.1454,222.9917,1123.9612,25109.0,0.1205,518.0055,0.2777,0.6752,4245.1524,0.0332,43.6288,1609.4183,23841.24,0.0201,20.7756,,,0.1136,556.7867,3499.3075,7342.31,0.0388,39.4737,5164.1274,0.8629,13597.6454,0.2611,2114.2659,0.7742,0.7147,0.2355,835.1801,0.1503,308.8643,3651.59,1901.5,91.64,792.51,482.24,,833.89,836.33,1001.02,461.81,434.71,199.05,1112.91,,95.69,230.8,825.21,4502.48,6337.34,1274.75,836.33,39.22,50.82,25.5,0.0,0.6113,5
Jones,48253,3509,1527,1982,484,1372,331,1754,2,172,54.2,0,0,0,0,0,0,0,0,0.4352,0.1379,3469,1244,0.0115,0.1029,73.0,0.5302,0.8706,0.0143,0.0992,13939.89,13762.79,24450575.0,0.167,244.0137,1161.9156,20913.5,0.1556,657.3546,0.3307,0.7668,6484.6066,0.0399,55.3022,1661.9156,28406.73,0.0422,55.8723,,,0.1072,475.4846,3359.179,7497.97,0.0348,35.3478,3025.0855,0.8632,13441.8472,0.2309,1376.8529,0.703,0.748,0.4219,2404.7891,0.1214,220.6385,3493.53,2526.21,295.97,1133.68,1348.68,,803.66,563.98,969.16,496.88,266.36,170.84,467.49,120.14,289.9,159.34,418.21,3385.62,7092.07,2482.36,563.98,0.0,39.5,,,0.3151,59
Jackson,48239,3416,1543,1873,374,1359,347,1607,2,211,135.6,26,0,26,2,0,2,0,0,0.4517,0.1095,3142,1169,0.0872,0.1625,73.0,0.5121,0.8133,0.0317,0.135,15589.53,15572.15,25052375.0,0.1637,261.9788,1205.3516,23252.86,0.18,593.6528,0.3024,0.7934,7184.8164,0.0541,76.5401,2140.0124,33966.21,0.0317,37.9589,0.0093,10.5787,0.094,383.9452,2942.7505,6382.27,0.0361,37.3367,3681.3939,0.8513,12654.0137,0.219,1450.5289,0.6882,0.7231,0.5905,2914.1257,0.1587,433.1052,3805.54,2795.81,186.14,1838.87,853.85,584.72,599.7,643.53,956.91,512.02,278.59,250.07,462.32,214.41,374.99,304.93,628.71,3551.29,7818.85,3277.44,643.53,19.13,99.78,52.3,0.0,0.6427,32
Nolan,48353,3319,1567,1753,556,1266,312,1529,2,175,133.7,36,0,36,1,0,1,0,0,0.4721,0.1675,3269,1234,0.0153,0.0259,73.0,0.5219,0.7881,0.0216,0.17,13728.06,13557.96,20990210.0,0.1517,235.448,1016.3506,23448.82,0.1254,748.2014,0.3362,0.826,8175.278,0.0419,56.2459,1804.4474,21642.55,0.0314,35.3172,,,0.102,576.8476,4120.3401,8779.59,0.0301,30.739,2339.4375,0.8339,11387.8352,0.2387,1536.9523,0.6298,0.7214,0.4722,2254.4147,0.1419,281.2296,3557.96,2422.26,322.09,905.9,855.19,,895.76,416.0,847.16,427.84,192.99,167.7,740.69,,458.0,173.67,495.41,3797.71,6903.82,1761.09,416.0,28.44,105.61,35.2,0.0,0.764,18
Camp,48063,3153,1463,1690,463,1218,274,1442,1,102,44.9,50,0,50,1,0,1,0,0,0.464,0.1468,2803,954,0.1249,0.2767,73.0,0.5361,0.8509,0.0867,0.0499,13122.34,13173.98,18922420.0,0.1671,238.5576,1205.9639,21759.47,0.1536,287.7947,0.1761,0.7788,5895.9778,0.0423,49.2372,1192.7878,17164.63,0.0201,21.4979,,,0.1151,463.2455,3214.2857,6522.32,0.0465,49.2372,4408.4605,0.8655,13230.2358,0.2712,1813.4535,0.7233,0.7483,0.5652,2113.7309,0.1449,287.7947,3636.64,2038.86,95.34,726.1,488.2,,750.84,767.55,956.65,527.91,368.6,192.69,704.06,228.02,252.75,201.25,700.82,3926.41,6728.02,1214.3,767.55,41.05,36.86,24.4,0.0,0.4402,2
Scurry,48415,3116,1313,1803,388,1189,349,1606,1,80,44.6,48,16,32,3,1,3,0,0,0.4214,0.1245,2953,1144,0.0552,0.0393,73.0,0.5417,0.7721,0.0218,0.1874,14957.82,14355.45,24022256.0,0.1513,222.9141,1019.9253,21868.59,0.1476,744.0847,0.3207,0.792,7164.3836,0.0392,46.0772,1079.7011,27004.72,0.0199,24.9066,,,0.0978,460.7721,3871.1083,7088.13,0.0542,57.9078,5772.7273,0.7939,9984.4334,0.2441,1412.8269,0.5903,0.7105,0.7123,3112.0797,0.1569,367.3724,3308.88,3704.5,262.12,1059.34,622.98,,692.92,937.14,681.5,417.63,200.59,151.38,635.18,377.03,780.68,360.74,449.1,3591.35,8430.9,1682.32,937.14,40.37,37.51,24.8,0.3333,0.5575,3
Karnes,48255,3003,1497,1506,477,1101,309,1303,3,238,121.3,0,0,0,0,0,0,0,0,0.4985,0.1588,2706,988,0.1098,0.1144,74.0,0.5134,0.7022,0.0115,0.2709,14875.14,14441.17,19382301.0,0.1282,191.8649,1105.9094,26063.4,0.1516,666.155,0.3415,0.7744,5189.5625,0.046,57.5595,1475.825,45560.34,0.0177,19.1865,,,0.0898,268.6109,2151.957,4873.76,0.0376,39.9079,3580.1995,0.8903,15023.7913,0.1965,1317.7283,0.7045,0.7268,0.3101,1233.3078,0.165,478.8949,3340.44,2677.96,158.07,2097.94,479.7,,437.63,604.73,1109.94,436.73,354.61,240.44,504.22,258.86,163.15,268.55,1184.14,3994.13,7140.61,2577.64,604.73,0.0,110.17,,,0.5097,47
Marion,48315,3002,1573,1429,504,1142,284,1298,1,116,85.9,42,0,42,1,0,1,0,0,0.524,0.1679,3051,1065,-0.0161,0.0723,73.0,0.5223,0.8598,0.1086,0.0146,15518.19,15507.49,20142605.0,0.1649,273.4977,1370.5701,25786.5,0.2147,721.1094,0.3351,0.6703,4342.0647,0.0462,74.7304,2624.8074,27656.31,0.0177,19.2604,,,0.1387,730.3544,4261.9414,8059.16,0.0431,50.077,4702.6194,0.8783,16295.8398,0.2712,1758.8598,0.8243,0.7134,0.0986,485.3621,0.1456,337.4422,4251.39,2435.99,80.05,1278.41,426.94,,1117.6,767.65,1165.95,540.55,452.02,223.23,724.73,318.19,56.45,241.48,1091.4,4831.38,7867.65,1705.35,767.65,36.78,75.22,27.2,0.0,0.7405,7
Frio,48163,2969,1967,1002,841,1123,280,827,1,150,100.7,16,0,16,1,0,1,0,0,0.6625,0.2833,2784,989,0.0665,0.1355,72.0,0.4909,,,,15071.44,15062.93,12464083.0,0.1548,230.9553,1415.9613,26220.97,0.1761,675.9371,0.3156,0.6058,3268.4401,0.0387,45.9492,1262.3942,32413.76,0.0218,27.8114,,,0.0871,303.5067,1865.7799,5242.18,0.0314,32.6481,3655.3809,0.8126,14001.2092,0.1983,1365.1753,0.7582,0.6554,0.2975,1308.3434,0.1584,437.7267,4058.38,1310.56,249.06,1254.22,632.29,,456.39,594.29,1087.49,442.97,308.59,264.59,2448.79,357.86,144.59,320.97,816.22,5526.66,6739.8,1886.51,594.29,14.25,89.67,70.2,0.0,0.6713,32
Newton,48351,2960,1545,1415,483,1081,243,1317,1,84,42.9,0,0,0,0,0,0,0,0,0.522,0.1632,3051,1051,-0.0298,0.0285,72.0,0.4852,0.858,0.12,0.0114,15763.92,15324.97,20761079.0,0.1564,244.4951,1282.4601,26421.93,0.2007,650.7213,0.3166,0.6705,3747.1526,0.0319,51.6325,1536.8261,21812.69,0.0205,23.5383,,,0.1033,570.2354,3378.1321,8066.03,0.0645,71.3743,10125.2847,0.8519,15905.0873,0.2354,1479.8785,0.773,0.7153,0.1951,724.3736,0.167,409.2635,4132.81,2288.16,287.84,695.62,564.29,,832.94,1720.48,1163.94,476.68,402.26,298.17,1140.91,352.27,90.73,336.79,661.83,4590.78,7874.55,1259.91,1720.48,0.0,39.69,,,0.5107,46
Wilbarger,48487,2836,1145,1692,451,1037,244,1458,1,120,100.8,78,0,78,1,0,1,0,0,0.4037,0.159,2812,1009,0.0085,0.0278,72.0,0.5425,0.7791,0.0412,0.155,16100.27,16112.91,23474198.0,0.1722,263.3745,1237.9973,24713.98,0.1813,859.3964,0.3738,0.7737,6346.3649,0.0693,92.5926,2969.8217,20679.6,0.0226,26.749,,,0.2339,1822.3594,11421.1248,10655.97,0.0487,48.6968,3639.9177,0.9033,18497.9424,0.2956,1876.5432,0.725,0.7606,0.1015,388.8889,0.1241,231.1385,4254.6,1705.8,232.25,1432.54,670.48,,2492.24,648.07,1306.14,529.07,358.77,223.8,429.14,230.17,72.94,169.58,941.3,5824.33,7121.47,2103.02,648.07,75.22,97.2,13.3,0.0,0.84,-33
Deaf Smith,48117,2784,1287,1497,453,1099,277,1241,1,120,46.1,0,0,0,0,0,0,0,0,0.4623,0.1627,2759,1053,0.0091,0.0437,73.0,0.5068,,,,12555.16,12391.52,15580953.0,0.1322,189.3634,1031.4263,23867.43,0.1067,658.34,0.3046,0.7051,5970.9911,0.0443,58.0177,1768.7349,19762.13,0.0145,16.116,0.0,0.0,0.0814,275.5842,2025.7857,5823.07,0.0435,45.9307,3708.2998,0.8171,12063.6583,0.2466,1493.9565,0.7188,0.7147,0.5649,3134.5689,0.0338,50.7655,3154.12,1853.64,328.13,875.84,389.38,0.0,473.92,609.28,838.89,423.47,322.08,388.74,353.58,404.58,448.74,61.09,1408.14,4234.09,6225.03,1265.22,609.28,0.0,41.95,,,0.3842,47
Moore,48341,2722,1045,1677,321,997,237,1382,2,166,66.8,0,0,0,0,0,0,0,0,0.3839,0.1179,2568,944,0.06,0.0561,73.0,0.5137,,,,11079.16,11378.36,15311399.0,0.1331,186.686,827.7858,18915.93,0.1184,581.042,0.2873,0.6787,5311.1433,0.0282,35.4559,570.1881,28120.64,0.0159,17.3661,,,0.0601,195.369,1434.877,5639.03,0.0326,33.2851,1937.0478,0.843,14071.6353,0.2373,1740.2315,0.7395,0.6831,0.254,958.0318,0.1078,195.369,2518.47,2096.66,393.76,793.56,380.58,,338.67,333.95,960.19,413.42,296.4,338.07,364.56,209.44,114.26,161.76,1208.84,3620.99,5793.51,1174.14,333.95,0.0,67.0,,,0.4024,43
Franklin,48159,2690,1180,1510,297,1110,268,1365,1,95,28.5,68,0,68,1,0,1,0,0,0.4387,0.1104,2388,912,0.1265,0.2171,74.0,0.5333,0.9289,0.019,0.0293,12729.95,12686.72,17376379.0,0.1436,198.5348,942.8571,20889.85,0.1502,438.0952,0.2381,0.7209,4799.2674,0.0293,41.0256,1472.5275,23739.49,0.0227,23.4432,,,0.1377,638.8278,4393.4066,6763.07,0.0403,43.956,3679.1209,0.8667,12845.4212,0.2696,1988.2784,0.8176,0.7619,0.4777,2001.4652,0.1473,309.1575,2999.57,2071.2,96.78,695.66,534.34,,931.47,619.16,984.62,503.14,413.88,217.1,850.07,,206.69,226.79,1122.48,4726.31,5897.48,1230.0,619.16,61.26,25.68,16.3,0.0,0.3,-20
Lamb,48279,2679,1261,1418,500,1082,347,1246,3,190,108.4,36,0,36,2,0,2,0,0,0.4707,0.1866,2638,1107,0.0155,-0.0226,74.0,0.5185,0.7295,0.0265,0.2352,13416.69,13016.16,16717193.0,0.1324,203.0498,1127.6083,27294.87,0.1888,560.9952,0.2881,0.7352,4058.5875,0.0345,47.3515,1264.8475,23511.31,0.0361,44.1413,,,0.0867,353.13,2678.9727,6696.9,0.0465,54.5746,6699.0369,0.8242,12162.1188,0.2376,1601.9262,0.6509,0.6886,0.4984,2134.8315,0.1509,285.7143,3614.49,2151.23,233.51,811.39,1027.53,,580.47,1071.43,865.57,438.06,214.66,174.82,503.83,291.64,261.81,216.31,650.15,3251.31,6945.24,1838.92,1071.43,33.27,100.18,30.1,0.0,0.5705,10
Runnels,48399,2675,816,1860,365,1139,293,1688,2,232,118.5,0,0,0,0,0,0,0,0,0.305,0.1364,2562,1035,0.0441,0.1005,74.0,0.529,0.8211,0.0095,0.1558,17802.75,17822.36,30051033.0,0.1647,273.6967,1303.91,22232.6,0.1596,668.8389,0.3122,0.8543,7675.3555,0.0533,72.2749,1832.9384,82943.69,0.029,31.9905,0.0,0.0,0.0948,470.9716,3060.4265,7091.32,0.0409,43.8389,4267.1801,0.8655,11528.436,0.295,2018.9573,0.6996,0.769,0.5936,2983.4123,0.1351,251.1848,3661.53,3323.3,127.9,4422.35,626.37,0.0,672.16,702.72,921.93,590.86,203.25,206.06,725.56,185.91,562.24,196.88,498.27,3789.47,8086.38,5048.72,702.72,0.0,104.04,,,0.5108,49
Coleman,48083,2654,856,1799,380,1112,272,1611,2,160,91.4,0,0,0,0,0,0,0,0,0.3225,0.1432,2524,995,0.0515,0.1176,73.0,0.5376,0.9013,0.0124,0.0714,14147.16,14301.39,22791074.0,0.1726,276.8467,1168.8392,19566.77,0.1775,660.4593,0.324,0.7765,5720.0497,0.0739,96.2135,2978.8951,35875.53,0.0149,19.8634,,,0.1155,400.9932,3309.1248,5818.01,0.0298,31.0366,1852.2657,0.8218,9722.5326,0.2241,1396.0273,0.6331,0.7238,0.5413,2227.1881,0.1403,250.7759,3376.51,2745.96,220.7,2650.02,549.16,,671.73,319.0,729.87,422.04,237.06,157.72,720.68,,208.4,176.05,437.36,3162.82,6941.26,3199.18,319.0,0.0,82.19,,,0.5713,48
Madison,48313,2611,1389,1222,340,1092,275,1028,2,196,114.5,46,0,46,2,0,2,0,0,0.532,0.1302,2459,947,0.0618,0.1531,73.0,0.5204,0.8346,0.071,0.0778,15063.54,14891.81,15485322.0,0.1839,284.0467,1417.3152,25663.13,0.1791,587.5486,0.2733,0.5866,3273.3463,0.0418,53.5019,1797.6654,32788.79,0.0195,24.3191,,,0.0895,382.2957,3357.0039,6796.71,0.0447,49.6109,4122.5681,0.8541,15616.7315,0.2354,1600.1946,0.75,0.6984,0.2412,1119.6498,0.1547,483.463,4718.22,1590.22,275.05,1371.52,591.96,,608.27,676.88,1156.45,536.98,349.15,295.08,515.17,273.99,156.95,345.34,1113.81,4194.88,7739.8,1963.48,676.88,42.12,104.85,23.7,0.0,0.5842,1
Clay,48077,2579,841,1739,224,1046,257,1626,1,60,24.2,0,0,0,0,0,0,0,0,0.3261,0.0869,2660,978,-0.0305,0.0695,74.0,0.5283,,,,16160.54,15919.55,26277038.0,0.147,234.3173,936.0394,24586.78,0.1567,669.1267,0.3198,0.7109,4587.3309,0.0301,39.3604,1121.7712,30073.86,0.0344,41.8204,,,0.1328,798.893,5271.8327,9338.52,0.0412,43.0504,3790.8979,0.925,16309.3481,0.2583,1929.2743,0.7817,0.7651,0.107,390.5289,0.0547,116.8512,3613.92,2154.97,345.21,906.28,991.34,,1240.54,738.96,1246.2,584.36,450.0,266.4,1273.54,,65.99,68.44,1846.61,6389.28,6766.9,1897.62,738.96,0.0,23.14,,,0.4033,45
Live Oak,48297,2536,1318,1218,268,1043,244,1091,1,96,78.1,0,0,0,0,0,0,0,0,0.5197,0.1057,2538,940,-0.0008,0.1096,73.0,0.4986,,,,12642.38,12082.68,13792838.0,0.1274,186.0678,992.6673,28839.83,0.1376,538.9551,0.2823,0.4363,2176.9019,0.0293,37.5802,1139.3217,26066.55,0.0229,24.7479,,,0.1017,450.0458,2931.2557,6556.96,0.0367,40.33,5008.2493,0.8625,12951.4207,0.2081,1142.0715,0.8148,0.6911,0.2768,850.5958,0.1329,303.3914,3674.37,1233.74,294.79,764.56,569.24,,667.12,811.76,960.25,496.89,353.89,299.78,637.07,,106.23,261.82,933.38,3957.72,5961.61,1333.8,811.76,0.0,74.88,,,0.8135,45
Hamilton,48193,2518,1294,1224,263,1086,275,1130,3,234,114.8,58,0,58,2,0,2,0,0,0.5139,0.1044,2327,972,0.0821,0.1173,74.0,0.5257,,,,12663.3,12260.5,14309527.0,0.1354,191.1504,852.2124,20073.31,0.1429,653.9823,0.3212,0.7805,7100.0,0.0558,66.3717,1634.5133,21865.69,,,,,0.0628,172.5664,1123.8938,4474.99,0.0602,62.8319,5670.7965,0.7876,8794.6903,0.2106,1249.5575,0.5841,0.7053,0.6478,2566.3717,0.0531,74.3363,2717.89,3534.86,164.54,1219.06,,,281.17,950.46,661.9,406.03,213.73,204.74,469.11,,397.03,94.18,608.01,2835.69,6917.5,1219.06,950.46,53.41,105.71,18.7,0.0,0.4906,-11
San Augustine,48405,2472,1215,1257,415,968,241,1163,3,285,126.4,52,0,52,1,0,1,0,0,0.4915,0.1679,2500,940,-0.0112,0.0298,73.0,0.4832,0.8633,0.1075,0.0112,14480.99,14425.17,16841389.0,0.184,291.4875,1531.3844,24116.63,0.2032,798.7962,0.3525,0.6638,3542.5623,0.0567,82.5451,2341.3586,18778.02,0.0215,24.0757,,,0.1264,528.8048,3127.2571,6429.93,0.0413,42.9923,2752.3646,0.8882,16083.405,0.258,2134.9957,0.8229,0.7154,0.3018,1169.3895,0.1651,421.3242,4437.63,1968.68,182.73,1065.65,534.28,,812.73,477.04,1220.16,509.88,483.37,208.12,694.4,,145.34,319.67,690.92,4255.04,7418.59,1599.93,477.04,53.72,130.58,18.6,0.0,0.4435,-10
Andrews,48003,2458,1205,1254,291,902,238,999,1,112,67.7,16,0,16,1,0,1,0,0,0.4902,0.1184,2179,783,0.128,0.152,72.0,0.5335,,,,12537.06,12163.36,12524519.0,0.1281,208.2082,1130.1301,27096.89,0.1949,771.7718,0.3243,0.7528,5877.8779,0.039,57.0571,1988.989,21905.15,0.028,32.032,,,0.0651,284.2843,1835.8358,6623.02,0.034,35.035,2335.3353,0.7988,10301.3013,0.2112,1352.3524,0.5796,0.6787,0.6336,4954.955,0.1582,401.4014,3471.87,1604.65,200.91,855.16,735.92,,430.93,399.85,757.43,484.55,234.08,157.23,462.86,356.38,791.93,310.11,968.09,3802.55,6428.47,1591.08,399.85,17.74,75.06,56.4,0.0,0.6045,23
Pecos,48371,2457,1144,1313,414,956,251,1060,1,120,65.4,0,0,0,0,0,0,0,0,0.4656,0.1685,2306,897,0.0655,0.0658,73.0,0.4887,,,,11696.76,11111.18,12398566.0,0.1236,186.7925,934.9057,24784.93,0.1737,639.6226,0.2887,0.6925,4299.0566,0.0434,51.8868,999.0566,36790.33,0.0236,25.4717,,,0.0689,337.7358,1970.7547,6367.67,0.033,35.8491,1261.3208,0.7387,9334.9057,0.1651,1142.4528,0.6075,0.6425,0.6377,3214.1509,0.1425,356.6038,3063.04,2057.14,93.83,1596.56,562.31,,438.53,232.05,702.75,301.76,207.62,150.01,251.15,441.28,550.75,512.51,326.78,2627.59,6469.56,2158.87,232.05,0.0,68.41,,,0.545,41
Duval,48131,2419,1702,717,701,980,256,642,1,90,40.5,0,0,0,0,0,0,0,0,0.7036,0.2898,2376,936,0.0181,0.047,73.0,0.486,,,,19095.73,18264.46,12259459.0,0.1713,272.5857,1417.4455,27743.19,0.2012,968.8474,0.3738,0.4642,2056.0748,0.0436,63.8629,1596.5732,18029.7,0.0498,70.0935,,,0.2399,2014.0187,11813.0841,11952.68,0.0483,52.9595,4409.6573,0.8505,19316.1994,0.243,1727.4143,0.8115,0.6745,0.1698,735.2025,0.2165,1381.6199,4753.51,1483.92,271.1,786.34,1736.51,,2867.15,722.04,1449.8,544.83,415.35,374.68,1297.95,559.07,87.66,883.89,440.92,6933.51,8496.32,2522.85,722.04,0.0,41.33,,,0.45,42
Somervell,48425,2405,1184,1220,199,957,207,1065,2,220,139.5,0,0,0,0,0,0,0,0,0.4923,0.0827,1990,694,0.2085,0.379,73.0,0.5117,,,,12839.45,12668.18,13674015.0,0.1192,175.5869,943.662,26780.47,0.1279,575.5869,0.293,0.7728,5678.8732,0.031,37.5587,1138.0282,17411.42,,,,,0.0808,283.5681,2801.8779,5887.65,0.0263,28.169,2560.5634,0.9174,13532.3944,0.2573,1502.3474,0.7859,0.7615,0.0225,77.9343,0.1127,186.8545,3193.54,2029.17,357.46,539.51,,,475.43,442.15,1051.79,647.89,472.5,280.52,914.9,,9.39,199.52,1844.22,5048.75,6427.58,539.51,442.15,0.0,145.77,,,0.6341,41
Brewster,48043,2363,957,1406,218,999,212,1213,0,0,0,0,0,0,0,0,0,0,0,0.405,0.0923,2234,816,0.0577,0.2243,73.0,0.5037,,,,9529.98,9490.69,11559868.0,0.0973,153.3388,809.5631,24635.14,0.1786,597.6917,0.2663,0.5903,3246.4963,0.0322,42.8689,948.0627,33764.52,0.0165,20.6101,,,0.0338,112.9431,730.4204,5861.31,0.0231,23.0833,1634.7898,0.7469,7498.7634,0.1575,941.4674,0.5977,0.5779,0.4617,1675.1855,0.0932,307.5021,2396.49,1365.68,125.84,1085.59,483.65,,198.12,276.31,573.58,284.43,211.84,134.06,598.26,,250.55,571.39,611.55,2577.96,4743.83,1569.24,276.31,0.0,0.0,,,,43
McCulloch,48307,2288,911,1378,336,947,210,1200,1,106,37.5,25,0,25,1,0,1,0,0,0.3982,0.1469,2139,786,0.0697,0.2048,74.0,0.515,,,,13742.38,13265.08,16490857.0,0.145,217.5,1073.3333,21033.92,0.1843,795.8333,0.3483,0.7992,6054.1667,0.0358,48.3333,1407.5,32999.15,0.01,11.6667,,,0.09,392.5,2294.1667,7085.8,0.0425,45.8333,4489.1667,0.8158,10127.5,0.2117,1285.8333,0.6433,0.7125,0.5775,2320.8333,0.1458,307.5,3049.92,3648.02,67.65,1182.47,208.71,,637.72,739.3,794.66,444.38,201.34,159.12,614.2,252.6,339.04,312.52,713.88,3459.96,7775.09,1391.18,739.3,26.4,39.6,37.9,0.0,0.3538,16
Gaines,48165,2235,921,1313,410,776,222,1123,1,40,39.5,36,0,36,1,0,1,0,0,0.4121,0.1834,2025,743,0.1037,0.0444,73.0,0.5183,0.691,0.0178,0.2707,16602.55,15590.81,18644663.0,0.1469,226.1799,1301.87,30130.16,0.1652,680.3206,0.3152,0.6955,5422.9742,0.0374,40.0712,932.3241,74817.85,0.0329,40.0712,,,0.1033,514.6928,3248.4417,7310.93,0.0463,49.8664,5779.163,0.7346,10370.4363,0.1977,1482.6358,0.5254,0.6305,0.496,2238.6465,0.163,325.0223,4426.96,3123.16,163.57,2798.17,964.68,,755.18,926.01,751.87,405.41,201.16,147.16,456.99,,344.5,381.95,403.36,3060.22,8501.05,3762.85,926.01,46.39,50.9,21.6,0.0,0.9875,-3
Dawson,48115,2205,1038,1167,417,893,225,1083,1,80,50.4,16,0,16,1,0,1,0,0,0.4707,0.1891,2303,932,-0.0426,-0.0418,74.0,0.5143,0.6436,0.0194,0.3047,15149.97,14841.05,16407415.0,0.1496,238.2271,1217.9132,25102.9,0.1667,810.711,0.3389,0.7645,5146.8144,0.0332,42.4746,1228.9935,26484.76,0.0323,42.4746,0.0,0.0,0.1145,651.8929,4157.8947,8643.07,0.0471,48.9381,4522.6223,0.8042,12735.9187,0.2299,1564.1736,0.6039,0.7184,0.6316,4417.3592,0.1367,397.0452,3755.0,2514.85,231.59,880.38,1040.92,0.0,989.6,741.86,924.75,478.69,210.49,181.91,642.45,272.16,596.55,307.05,1174.52,4720.27,7559.34,1921.3,741.86,17.92,56.44,55.8,0.0,0.63,22
Zapata,48505,2169,1569,600,763,891,209,498,1,59,40.8,0,0,0,0,0,0,0,0,0.7234,0.3518,2008,742,0.0802,0.2008,74.0,0.5703,,,,14319.06,14121.24,7130890.0,0.1747,317.2691,1407.6305,26165.81,0.2993,720.8835,0.3052,0.5703,2473.8956,0.0422,58.2329,1620.4819,19182.48,,,,,0.1526,931.7269,6433.7349,8960.54,0.0241,24.0964,3419.6787,0.8414,16064.257,0.2651,1805.2209,0.7811,0.6948,0.2309,941.7671,0.1948,857.4297,4571.14,1211.87,90.4,808.9,,,1367.47,533.54,1303.56,410.05,334.56,279.25,1045.52,,123.76,566.98,701.05,5155.17,6850.44,808.9,533.54,0.0,45.79,,,0.6915,38
Stephens,48429,2136,859,1277,257,818,119,1175,1,92,33.3,0,0,0,0,0,0,0,0,0.4022,0.1203,2083,774,0.0254,0.0568,73.0,0.5294,,,,14034.41,13800.52,16490426.0,0.1489,236.5957,1236.5957,23947.14,0.1654,739.5745,0.3413,0.7813,7078.2979,0.0374,52.766,1346.383,17011.0,0.0272,31.4894,,,0.1651,956.5957,9954.8936,8975.03,0.0443,48.5106,3489.3617,0.8468,11442.5532,0.2749,1834.8936,0.6604,0.7183,0.6723,3069.7872,0.1753,380.4255,3566.59,2176.58,258.32,637.01,756.61,,1481.83,607.02,875.21,478.27,297.98,192.19,692.88,173.25,463.49,422.97,546.34,4549.92,7075.98,1393.62,607.02,0.0,40.71,,,0.362,35
Reeves,48389,2131,775,1356,380,864,244,1088,1,89,47.7,0,0,0,0,0,0,0,0,0.3637,0.1783,2112,834,0.009,0.036,74.0,0.511,,,,17813.93,16616.36,19381556.0,0.1756,299.6324,1558.8235,28383.86,0.204,1000.9191,0.3759,0.7233,4899.8162,0.0561,83.6397,2546.875,46582.87,0.0248,33.0882,,,0.1112,601.1029,4607.5368,8192.49,0.023,24.8162,1032.1691,0.7261,9691.1765,0.1875,1049.6324,0.4596,0.6213,0.6682,2679.2279,0.1985,607.5368,4982.83,2984.15,122.47,2611.72,765.19,,911.11,193.33,746.12,363.26,222.5,138.49,724.67,597.08,448.35,947.69,595.45,3786.69,9997.48,3376.91,193.33,0.0,55.21,,,0.536,37
Zavala,48507,2119,1546,573,767,821,189,488,0,0,0,0,0,0,0,0,0,0,0,0.7296,0.362,2063,700,0.0271,0.1729,71.0,0.4713,,,,13382.15,13229.82,6530487.0,0.1742,311.4754,1805.3279,26238.06,0.2349,862.7049,0.3996,0.6045,4000.0,0.0348,51.2295,1120.9016,20640.85,,,,,0.1189,639.3443,4979.5082,8398.05,0.0307,38.9344,3049.1803,0.709,12731.5574,0.2377,1561.4754,0.7008,0.5697,0.6475,3368.8525,0.1537,444.6721,4570.15,1476.53,123.35,719.05,,,998.13,488.08,1030.25,324.77,330.46,182.54,587.11,653.71,361.35,549.75,299.27,3789.11,7698.26,719.05,488.08,0.0,0.0,,,,35
Terry,48445,2071,1175,896,381,771,206,763,2,162,94.6,16,0,16,1,0,1,0,0,0.5674,0.184,2041,762,0.0147,0.0118,73.0,0.5085,0.7235,0.017,0.2372,15044.2,14818.48,11478721.0,0.1494,217.5623,1250.3277,24135.5,0.1549,530.7995,0.2739,0.6632,4878.1127,0.0328,43.2503,1359.1088,20574.2,0.0301,38.0079,0.0,0.0,0.0826,272.6081,2039.3185,5493.25,0.0524,56.3565,8167.7588,0.8414,19642.2018,0.2241,1425.9502,0.6933,0.7012,0.2438,1812.5819,0.0459,78.637,3606.09,2124.28,261.8,674.12,768.97,0.0,453.57,1301.64,1466.44,416.67,377.93,202.95,783.74,,226.56,68.5,1462.13,4973.32,6477.34,1443.09,1301.64,20.75,122.7,48.2,0.0,0.584,17
Archer,48009,2025,609,1417,148,817,221,1312,0,0,0,0,0,0,0,0,0,0,0,0.3007,0.0731,1925,736,0.0519,0.1101,74.0,0.5221,,,,15011.26,14976.01,19694775.0,0.1441,223.3232,920.7317,20647.37,0.1789,527.439,0.2713,0.625,3026.6768,0.0389,54.878,1641.0061,29264.26,0.0343,49.5427,,,0.1448,929.878,5998.4756,9727.74,0.0389,39.6341,3584.6037,0.9223,15743.9024,0.2752,1955.0305,0.8056,0.7889,0.2218,796.4939,0.1212,230.1829,2974.35,1734.53,316.07,1137.56,1243.87,,1408.74,694.94,1177.65,540.34,483.64,285.19,653.14,,132.93,155.54,1716.31,5857.6,5720.83,2381.43,694.94,0.0,0.0,,,,35
Ward,48475,1920,768,1153,255,732,193,916,1,92,53.4,0,0,0,0,0,0,0,0,0.4,0.1328,1869,709,0.0273,0.0324,73.0,0.5448,0.5917,0.0207,0.3723,14967.56,15465.74,13710288.0,0.1703,276.2009,1397.3799,24187.02,0.2009,814.4105,0.345,0.7467,4068.7773,0.06,81.8777,2015.2838,31855.64,0.0404,48.0349,,,0.1103,641.9214,4490.1747,8282.82,0.0382,39.3013,3527.2926,0.7697,9969.4323,0.2413,1752.1834,0.5349,0.6463,0.5983,3450.8734,0.1921,581.8777,4119.19,1745.3,126.26,1912.73,1146.16,,913.28,587.67,747.28,448.57,187.86,169.42,442.17,,369.46,443.31,823.08,3652.55,6882.63,3058.89,587.67,0.0,72.95,,,0.5804,31
Dimmit,48127,1907,1280,627,559,739,152,532,1,100,47.9,0,0,0,0,0,0,0,0,0.6712,0.2931,1952,662,-0.0231,0.1163,72.0,0.5226,,,,17368.56,16632.19,9240075.0,0.1767,342.1053,2146.6165,31685.23,0.2471,890.9774,0.3402,0.6429,4035.7143,0.0545,78.9474,2283.8346,26339.39,,,,,0.0902,398.4962,2947.3684,7024.48,0.0414,48.8722,2507.5188,0.7575,14475.5639,0.235,1466.1654,0.7011,0.6447,0.4192,1932.3308,0.1842,748.1203,5598.52,1679.22,165.08,1435.79,,,633.79,432.85,1113.98,364.52,385.93,227.52,2357.86,,252.99,718.79,718.47,5690.54,8526.13,1435.79,432.85,0.0,64.82,,,0.479,32
Goliad,48175,1890,942,948,169,801,191,897,1,90,37.7,0,0,0,0,0,0,0,0,0.4984,0.0894,1765,667,0.0708,0.2009,74.0,0.5139,0.8149,0.0212,0.1382,14597.35,14538.5,13093824.0,0.1438,220.7358,1004.4593,21318.18,0.1929,644.3701,0.3233,0.7269,4726.8673,0.029,37.9041,1283.1661,20535.12,0.0457,51.2821,,,0.0948,395.7637,2494.9833,6720.74,0.0446,44.5931,4517.2798,0.8852,14260.8696,0.2263,1455.9643,0.8439,0.7391,0.3099,1031.2152,0.1304,288.7402,3065.82,2717.57,293.09,595.22,1252.69,,636.86,808.38,1107.19,515.13,414.43,320.2,1449.16,,120.68,222.14,560.68,4609.2,6813.75,1847.91,808.38,0.0,47.07,,,0.4189,34
Refugio,48391,1863,1057,807,264,781,189,717,1,90,41.4,0,0,0,0,0,0,0,0,0.5674,0.1417,1737,692,0.0725,0.1286,73.0,0.4979,0.6611,0.0321,0.2775,19041.49,18688.69,13652746.0,0.1757,274.7559,1357.0432,24868.07,0.1813,909.3445,0.3766,0.6904,6390.516,0.0558,89.2608,2195.258,40121.87,0.0363,41.841,,,0.0934,361.2273,2542.5384,6396.78,0.0391,41.841,4536.9596,0.8536,14592.7476,0.2148,1337.5174,0.7001,0.7266,0.4658,2341.7015,0.0893,781.0321,4370.12,3168.04,244.89,2238.32,1044.28,,597.75,774.56,1108.56,463.4,303.35,304.33,1025.2,778.61,321.52,338.21,932.73,4593.44,9363.27,3282.6,774.56,0.0,53.01,,,0.46,34
Jack,48237,1822,632,1190,193,676,141,1066,1,104,53.1,45,0,45,1,0,1,0,0,0.3469,0.1059,1635,592,0.1144,0.1419,74.0,0.5244,,,,17017.68,16542.68,18140849.0,0.1538,256.0976,1364.9156,33289.9,0.1908,711.0694,0.3152,0.7505,4272.045,0.0413,63.7899,2357.4109,31782.91,0.031,37.5235,,,0.1182,713.8837,4395.8724,8844.18,0.0366,37.5235,4723.2645,0.8809,15801.1257,0.2251,1292.6829,0.7683,0.7739,0.4165,1422.1388,0.1454,318.0113,5121.52,1911.92,286.44,1311.86,973.89,,1045.37,777.8,1204.61,605.17,409.94,286.22,793.05,,253.13,295.39,1055.34,5047.66,8220.44,2285.75,777.8,66.57,78.55,15.0,0.0,0.5106,-16
Presidio,48377,1783,858,926,581,867,233,779,0,0,0,0,0,0,0,0,0,0,0,0.4812,0.3259,1863,830,-0.0429,0.0446,75.0,0.4685,,,,8148.4,7951.4,6347603.0,0.1001,146.3415,741.9769,24045.49,0.1308,376.1232,0.1913,0.3671,1362.0026,0.0334,39.7946,808.7291,31964.17,0.0193,21.8228,,,0.0783,419.7689,1836.9705,7164.67,0.0154,15.4044,528.8832,0.5841,6170.7317,0.1528,801.027,0.5841,0.4506,0.3967,1379.9743,0.113,293.9666,2407.64,834.8,81.67,1066.84,497.24,,561.03,108.42,443.51,222.44,186.26,99.94,101.24,,186.15,527.83,414.38,1992.51,4074.38,1564.08,108.42,0.0,0.0,,,,37
San Saba,48411,1585,661,924,167,725,164,857,1,72,43.8,0,0,0,0,0,0,0,0,0.417,0.1054,1529,621,0.0366,0.1675,74.0,0.5099,,,,13528.28,13288.92,11593739.0,0.1354,180.8635,897.3162,20836.73,0.1293,474.9125,0.2544,0.7328,5722.287,0.0338,43.1739,1659.2765,31510.13,,,0.0,0.0,0.1097,371.0618,2066.5111,5759.83,0.0432,43.1739,3645.2742,0.8611,10469.0782,0.2077,1296.3827,0.7153,0.6931,0.4574,1726.9545,0.0607,102.6838,2820.37,3223.18,139.33,1066.27,,0.0,631.77,627.41,770.33,507.85,240.87,162.36,1765.16,,359.93,180.19,438.71,4369.13,6870.92,1066.27,627.41,0.0,60.41,,,0.6083,31
Mitchell,48335,1567,731,837,216,591,154,723,1,54,45.9,0,0,0,0,0,0,0,0,0.4665,0.1378,1433,523,0.0935,0.13,73.0,0.5325,,,,13733.83,12795.19,9929561.0,0.1383,201.9364,914.2462,23851.27,0.156,712.3098,0.325,0.769,6052.5588,0.036,52.5588,1022.13,32933.1,0.0235,24.8963,,,0.0941,432.9184,2828.4924,7258.69,0.0401,41.4938,1764.8686,0.7483,7479.9447,0.2075,1254.4952,0.5214,0.6625,0.6722,2726.1411,0.1314,300.1383,3298.93,4345.55,158.43,1184.32,613.26,,682.7,317.91,548.48,418.96,191.27,139.42,335.05,,408.55,259.19,431.73,2737.2,8481.06,1797.58,317.91,0.0,77.66,,,0.85,25
Brooks,48047,1548,1089,458,488,628,161,405,1,96,42.4,0,0,0,0,0,0,0,0,0.7035,0.3152,1576,597,-0.0178,0.0519,72.0,0.479,,,,17598.69,16494.12,7127471.0,0.1605,256.7901,1251.8519,29074.86,0.198,797.5309,0.3481,0.4741,2325.9259,0.0519,76.5432,1733.3333,17527.72,0.0321,41.9753,,,0.163,1217.284,7785.1852,11165.87,0.0444,49.3827,3758.0247,0.8494,18441.9753,0.2074,1249.3827,0.8099,0.7012,0.0815,380.2469,0.242,962.963,4666.34,1970.63,127.7,908.84,1012.84,,1819.62,635.82,1372.27,445.82,495.96,360.99,605.21,,46.36,582.06,923.88,5624.29,7792.55,1921.68,635.82,0.0,67.52,,,0.4417,27
Parmer,48369,1508,413,1096,174,616,179,984,2,158,95.9,0,0,0,0,0,0,0,0,0.2739,0.1154,1507,635,0.0007,-0.0299,74.0,0.5163,,,,15241.61,15036.84,14997741.0,0.1443,219.5122,1113.8211,24668.53,0.1923,702.2358,0.2988,0.751,5600.6098,0.0518,73.1707,1856.7073,58084.4,0.0112,14.2276,,,0.0884,318.0894,2922.7642,6198.17,0.0325,33.5366,2698.1707,0.7998,10072.1545,0.2215,1597.561,0.7124,0.7297,0.6768,3365.8537,0.1301,278.4553,3559.89,2499.94,278.42,3010.47,342.22,,548.01,443.78,701.47,438.96,319.79,273.47,361.81,233.48,483.82,394.97,1038.95,3727.32,7405.66,3352.69,443.78,0.0,155.68,,,0.607,26
Mills,48333,1504,607,897,150,719,164,831,2,146,100.5,0,0,0,0,0,0,0,0,0.4036,0.0997,1410,598,0.0667,0.2023,74.0,0.515,,,,13236.51,12894.93,10999540.0,0.142,210.5897,1169.6751,23359.01,0.1747,516.2455,0.2708,0.8279,7564.3803,0.0542,79.4224,2930.2046,26840.92,,,,,0.0818,286.4019,2028.8809,5743.22,0.0505,51.7449,6279.1817,0.8195,9841.1552,0.213,1042.1179,0.5981,0.7208,0.6968,2879.6631,0.065,131.1673,3316.92,3150.75,168.41,1453.48,,,469.96,1043.74,714.89,397.17,210.63,188.99,349.12,,433.04,190.83,331.45,2698.08,7224.08,1453.48,1043.74,0.0,139.78,,,0.6884,31
Haskell,48207,1458,498,960,202,590,151,855,1,68,32.2,0,0,0,0,0,0,0,0,0.3416,0.1385,1352,560,0.0784,0.0536,73.0,0.5322,,,,15151.33,14583.23,12954388.0,0.1602,215.2047,978.9474,20703.83,0.1477,679.5322,0.3076,0.8257,6752.0468,0.0386,49.1228,1789.4737,60589.74,0.0257,25.731,0.0,0.0,0.1111,616.3743,4320.4678,8395.18,0.0327,32.7485,2833.9181,0.8339,9789.4737,0.2234,1314.6199,0.5696,0.7404,0.6947,3600.0,0.1216,223.3918,3317.46,3441.55,363.95,2338.55,621.9,0.0,932.8,489.87,733.22,434.14,204.07,156.46,398.86,,443.62,364.05,501.59,3370.62,7921.15,2960.45,489.87,0.0,54.58,,,0.4735,25
Swisher,48437,1440,591,849,207,636,172,804,0,0,0,9,0,9,1,0,1,0,0,0.4104,0.1437,1442,623,-0.0014,0.0209,75.0,0.5224,,,,15929.52,15917.51,12807333.0,0.1517,215.1741,1202.7363,24497.76,0.1509,610.6965,0.301,0.7687,4798.5075,0.0498,68.408,1446.5174,38535.42,0.0211,22.3881,,,0.092,398.01,2970.1493,6984.74,0.0423,43.5323,3524.8756,0.8483,12363.1841,0.2376,1536.0697,0.7289,0.7413,0.592,2774.8756,0.1542,253.7313,3717.32,2816.31,469.54,1917.19,461.09,,642.87,579.39,878.58,571.24,322.15,378.55,454.8,,414.92,240.82,1612.44,4704.31,7815.23,2378.28,579.39,14.15,0.0,70.7,0.0,,18
Mason,48319,1406,515,891,101,634,126,858,0,0,0,0,0,0,0,0,0,0,0,0.3663,0.0718,1335,594,0.0532,0.0673,75.0,0.507,0.8753,0.0,0.0944,10702.54,10323.23,9182777.0,0.1166,159.6737,644.5221,22646.71,0.0809,527.972,0.2972,0.704,3117.7156,0.0221,27.972,765.7343,17120.2,0.014,13.986,,,0.1049,424.2424,2752.9138,6697.74,0.0396,39.627,3461.5385,0.8834,9993.007,0.1946,1005.8275,0.824,0.7389,0.5338,2213.2867,0.1212,234.2657,2639.48,2263.22,115.62,379.12,293.52,,702.56,579.04,765.36,530.35,255.27,215.28,214.2,,307.98,265.06,957.84,3418.49,5813.73,672.64,579.04,0.0,0.0,,,,27
Delta,48119,1397,633,764,209,584,132,688,1,100,56.1,0,0,0,0,0,0,0,0,0.4531,0.1496,1378,542,0.0138,0.0775,74.0,0.5436,0.9186,0.0262,0.0247,14449.1,14209.11,9940979.0,0.1759,296.5116,1345.9302,25265.85,0.2356,693.314,0.3372,0.657,4085.7558,0.0305,39.2442,1069.7674,17854.81,0.0276,27.6163,,,0.1352,603.1977,4335.7558,6715.74,0.0451,46.5116,4114.8256,0.8735,15350.2907,0.2994,2098.8372,0.8067,0.7442,0.314,1175.8721,0.1584,354.6512,4443.56,2273.12,261.61,544.99,583.59,,907.8,682.74,1149.97,661.57,425.63,296.91,519.32,,139.53,284.49,761.65,4200.81,7924.35,1128.58,682.74,0.0,96.06,,,0.561,25
Ochiltree,48357,1397,332,1065,142,564,166,943,1,60,24.9,54,0,54,1,0,1,0,0,0.2377,0.1016,1305,491,0.0705,0.1487,74.0,0.5302,0.7996,0.0,0.1792,11820.27,11694.14,11146514.0,0.1177,171.7922,776.246,21118.54,0.1503,615.0583,0.299,0.7285,5760.3393,0.0318,40.2969,712.6193,31919.81,0.0138,14.8462,,,0.0668,209.9682,1726.4051,5574.98,0.0191,20.1485,563.0965,0.8271,9392.3648,0.2534,1627.7837,0.6299,0.7126,0.5122,1946.9777,0.1039,186.6384,2485.85,2761.95,312.7,1015.48,331.78,,372.45,105.18,659.32,422.76,274.05,333.8,406.49,,291.41,199.34,1540.0,3877.52,6182.6,1347.26,105.18,95.74,44.15,10.4,0.0,0.415,-30
Real,48385,1368,574,794,157,512,84,741,1,86,75.2,0,0,0,0,0,0,0,0,0.4196,0.1148,1329,464,0.0293,0.1034,73.0,0.5047,,,,12872.93,13040.26,9538838.0,0.1336,226.7206,1143.0499,27540.71,0.1923,596.4912,0.3077,0.6707,3910.9312,0.0418,66.1269,1346.8286,18499.83,,,,,0.0418,152.4966,1194.332,5918.64,0.0513,52.6316,5060.7287,0.8367,12767.8812,0.1606,1075.5735,0.7584,0.5978,0.4818,2026.9906,0.1363,371.1201,3679.53,2205.71,231.3,773.95,,,247.61,840.18,949.29,506.63,286.75,231.39,616.26,,219.91,325.54,1178.97,3730.18,6948.71,773.95,840.18,0.0,146.88,,,0.8744,22
Kimble,48267,1344,410,934,132,551,85,873,0,0,0,0,0,0,0,0,0,0,0,0.3051,0.0982,1288,458,0.0435,0.2031,74.0,0.5384,,,,12437.91,11483.62,10858297.0,0.1375,200.4582,801.8328,20973.39,0.1474,604.811,0.307,0.7354,4636.8843,0.0298,41.2371,706.7583,36402.79,,,,,0.0813,402.0619,2616.2658,8174.41,0.0367,38.9462,4690.7216,0.8247,8644.9026,0.1901,1101.9473,0.7285,0.7079,0.646,3081.3288,0.1226,219.9313,2882.94,3082.99,87.81,1084.16,,,664.81,760.3,661.15,427.74,272.2,191.77,305.61,,503.81,292.76,751.24,3350.59,6774.24,1084.16,760.3,0.0,0.0,,,,24
Yoakum,48501,1328,545,782,160,501,124,701,1,60,43.9,0,0,0,0,0,0,0,0,0.4104,0.1205,1236,489,0.0744,0.0245,73.0,0.4922,,,,15184.25,14679.1,10644160.0,0.1027,142.6534,957.204,32614.65,0.1915,570.6134,0.2896,0.7161,5355.2068,0.0371,51.3552,1766.0485,91015.37,0.0185,24.2511,,,0.0713,299.572,2199.7147,6904.82,0.0514,55.6348,4124.1084,0.7133,8263.9087,0.174,1392.2967,0.505,0.612,0.6705,3838.8017,0.1098,222.5392,3349.86,2844.68,131.34,3375.75,621.05,,492.5,673.97,569.87,403.33,236.24,119.46,457.75,,640.46,234.76,411.49,2927.77,6963.97,3996.8,673.97,0.0,87.62,,,0.7317,22
Childress,48075,1310,597,713,217,509,130,669,1,120,43.1,16,0,16,1,0,1,0,0,0.4557,0.1656,1320,522,-0.0076,-0.0249,74.0,0.5441,0.8266,0.0314,0.1106,13775.28,13276.0,9215664.0,0.1614,216.7414,1064.275,17801.94,0.1295,760.8371,0.3842,0.719,4615.8445,0.0329,43.3483,1014.9477,14590.86,,,,,0.0747,346.7862,2414.0508,6782.03,0.0389,38.864,2852.0179,0.7578,9209.2676,0.2332,1814.6487,0.5546,0.722,0.8012,4955.157,0.1824,348.281,2873.86,3361.67,287.12,479.82,,,506.88,550.58,635.87,400.52,220.9,182.54,1128.52,,693.46,562.98,752.62,4120.79,7486.15,479.82,550.58,31.43,84.68,31.8,0.0,0.3592,6
Crosby,48107,1285,757,528,234,521,144,478,2,99,55.4,0,0,0,0,0,0,0,0,0.5891,0.1821,1276,498,0.0071,0.0462,74.0,0.5272,,,,14072.83,13796.1,6726811.0,0.1527,215.4812,1418.41,24759.47,0.1413,709.205,0.3577,0.728,4315.8996,0.0314,46.0251,1460.251,20341.91,0.0418,50.2092,,,0.0941,476.9874,3240.5858,8147.05,0.0418,41.841,2443.5146,0.8975,17933.0544,0.2699,1631.7992,0.7218,0.7301,0.0858,550.2092,0.0628,85.7741,3781.26,2656.61,154.36,638.34,1174.57,,766.98,430.36,1265.51,448.19,211.42,206.55,754.45,,85.4,36.66,633.89,3924.2,7077.08,1812.91,430.36,0.0,106.33,,,0.5596,22
Carson,48065,1283,535,749,87,531,143,675,0,0,0,0,0,0,0,0,0,0,0,0.417,0.0678,1218,430,0.0534,0.2349,74.0,0.557,,,,14373.59,14931.38,9702175.0,0.1393,208.8889,1057.7778,24730.49,0.1742,462.2222,0.2519,0.5985,3143.7037,0.04,47.4074,1165.9259,22440.83,0.0178,19.2593,,,0.0859,299.2593,2237.037,5506.11,0.04,41.4815,4767.4074,0.8785,15121.4815,0.3037,2034.0741,0.8622,0.7837,0.4222,1610.3704,0.1096,204.4444,3443.95,2053.14,635.64,897.63,418.75,,473.12,772.05,1044.08,584.55,469.77,503.38,371.25,,175.5,170.74,1971.03,5008.13,6888.02,1316.38,772.05,0.0,0.0,,,,23
Castro,48069,1244,495,749,193,457,88,654,2,168,100.3,0,0,0,0,0,0,0,0,0.3979,0.1551,1218,499,0.0213,-0.0842,74.0,0.526,,,,15262.82,15201.32,9981886.0,0.1453,197.2477,1108.5627,22140.56,0.1282,581.0398,0.2936,0.8012,6279.8165,0.055,61.1621,1347.0948,36645.53,0.0229,25.9939,0.0,0.0,0.0719,262.9969,1737.0031,5843.86,0.0275,27.5229,2148.318,0.8242,11778.2875,0.2294,1463.3028,0.659,0.7263,0.6789,3379.2049,0.0581,77.9817,3216.14,2747.19,434.43,2017.18,539.68,0.0,419.97,352.81,781.65,555.73,251.35,313.27,1682.21,,473.8,151.2,803.91,4726.16,7104.69,2556.86,352.81,0.0,219.47,,,0.597,20
Floyd,48153,1225,566,659,183,448,97,584,0,0,0,16,0,16,1,0,1,0,0,0.462,0.1494,1244,548,-0.0153,-0.1825,75.0,0.5154,,,,13388.08,12991.73,7818636.0,0.1404,203.7671,880.137,23934.45,0.1376,523.9726,0.286,0.8048,6571.9178,0.0308,39.3836,962.3288,44447.22,0.0308,32.5342,,,0.113,443.4932,2619.863,6411.8,0.0445,47.9452,5556.5068,0.8202,10640.411,0.238,1393.8356,0.637,0.7329,0.6815,2773.9726,0.137,208.9041,3360.66,2454.68,161.69,1369.95,815.62,,724.62,878.34,746.1,473.05,223.9,176.97,494.75,,373.51,184.64,697.15,3437.0,6634.72,2185.57,878.34,35.71,0.0,28.0,0.0,,3
Wheeler,48483,1184,322,862,98,504,139,789,1,90,37.7,12,0,12,1,0,1,0,0,0.272,0.0828,1115,406,0.0619,0.2414,74.0,0.5425,,,,18533.26,18086.21,14622741.0,0.142,204.0558,1012.6743,24131.09,0.1284,600.7605,0.3054,0.7567,5038.0228,0.0482,57.0342,1182.5095,101649.79,0.0165,17.744,,,0.0963,528.5171,4352.3447,8891.08,0.038,40.5577,3522.18,0.8124,10351.0773,0.2117,1657.7947,0.6324,0.7123,0.692,3003.8023,0.0875,152.0913,3425.45,3332.53,298.68,4895.68,527.6,,856.43,588.81,692.84,445.08,347.68,364.02,467.73,,520.34,185.76,1135.96,4385.0,7687.5,5423.28,588.81,23.81,74.8,42.0,0.0,0.4189,10
La Salle,48283,1178,731,447,319,503,117,375,1,60,51.5,0,0,0,0,0,0,0,0,0.6205,0.2708,1163,441,0.0129,0.1406,72.0,0.5253,,,,16516.15,16924.29,6193556.0,0.1733,306.6667,2029.3333,29952.49,0.2727,786.6667,0.352,0.5227,2210.6667,0.0613,96.0,3328.0,29437.26,,,,,0.1013,650.6667,4688.0,9440.62,0.0373,48.0,4685.3333,0.7573,14413.3333,0.1707,954.6667,0.7307,0.6373,0.3893,2021.3333,0.2,637.3333,5191.76,947.69,116.32,1805.49,,,956.65,771.28,1124.53,349.36,487.25,256.15,442.54,,202.76,576.27,1539.9,5009.78,7181.4,1805.49,771.28,0.0,102.39,,,0.8583,22
Bailey,48017,1132,388,744,158,410,76,691,1,74,33.9,0,0,0,0,0,0,0,0,0.3428,0.1396,1089,397,0.0395,0.0327,74.0,0.5065,,,,15730.1,14948.17,10869502.0,0.136,209.8408,1028.9436,28957.03,0.1791,587.5543,0.2808,0.7482,5053.5456,0.0376,53.5456,1127.3517,47912.64,0.026,28.9436,,,0.0897,442.8365,3428.3647,8076.56,0.026,30.3907,1652.6773,0.7902,10316.932,0.233,1845.152,0.7033,0.7192,0.644,2371.9247,0.136,306.8017,3939.16,3630.57,196.29,1802.79,688.4,,724.67,276.24,730.36,427.22,335.4,173.61,650.48,,272.03,335.41,615.0,3501.55,8528.65,2491.19,276.24,0.0,82.68,,,0.4581,18
Lynn,48305,1111,553,558,180,378,74,494,0,0,0,40,0,40,1,0,1,0,0,0.4977,0.162,1076,383,0.0325,-0.0131,74.0,0.4879,,,,16365.47,15694.47,8084544.0,0.1377,194.332,1093.1174,22343.54,0.1348,607.2874,0.3158,0.7713,6421.0526,0.0385,52.6316,989.8785,30336.83,0.0263,38.4615,,,0.1174,481.7814,3514.17,6413.4,0.0567,60.7287,6712.5506,0.8644,13637.6518,0.2713,1512.1457,0.6923,0.753,0.3765,1819.8381,0.0567,109.3117,3075.63,5384.2,199.77,1166.8,984.17,,752.99,1115.25,941.58,452.39,238.66,163.26,402.23,,257.76,60.89,508.46,3264.94,9172.88,2150.97,1115.25,105.82,0.0,9.4,0.0,,-24
Winkler,48495,1095,486,609,146,372,62,548,0,0,0,0,0,0,0,0,0,0,0,0.4438,0.1333,1065,344,0.0282,0.0814,73.0,0.5602,,,,16294.53,15965.6,8929403.0,0.135,202.5547,1027.3723,26822.23,0.1827,750.0,0.3248,0.7445,4363.1387,0.0493,62.0438,1031.0219,56105.41,0.0292,32.8467,,,0.104,700.7299,4060.219,9253.61,0.0529,54.7445,4875.9124,0.7974,9273.7226,0.2299,1708.0292,0.5566,0.6533,0.5803,2228.1022,0.1569,395.9854,3621.98,2836.67,200.59,2764.32,652.94,,962.51,808.83,695.08,407.44,253.71,158.74,519.4,,372.54,407.24,1074.61,4036.59,7473.92,3417.26,808.83,0.0,0.0,,,,16
Dallam,48111,1040,364,676,97,380,72,555,1,67,0.0,40,0,40,1,0,1,0,0,0.35,0.0933,963,348,0.08,0.092,73.0,0.5153,,,,14594.08,14262.75,8099713.0,0.1514,232.4324,1381.982,25506.45,0.1186,637.8378,0.2703,0.6793,5881.0811,0.0342,52.2523,1207.2072,71985.19,0.0198,19.8198,,,0.0631,263.0631,1772.973,7547.43,0.0288,28.8288,2196.3964,0.7405,9753.1532,0.2126,1344.1441,0.6252,0.6631,0.4757,1526.1261,0.1225,268.4685,3860.44,2538.6,262.14,2464.36,420.52,,475.96,374.83,687.11,483.79,231.56,299.84,310.76,,249.91,303.31,1292.02,3547.16,7448.28,2884.88,374.83,105.26,0.0,9.5,0.0,0.0,-24
Coke,48081,1031,463,568,106,433,128,513,2,125,83.3,0,0,0,0,0,0,0,0,0.4491,0.1028,944,409,0.0922,0.0587,74.0,0.5224,0.885,0.0,0.0858,15820.9,16134.21,8116123.0,0.1871,331.384,1879.1423,24338.22,0.2164,660.8187,0.3177,0.8382,6588.694,0.0604,79.922,2717.3489,20523.47,0.039,50.6823,0.0,0.0,0.0994,397.6608,3274.8538,6864.95,0.0565,60.4288,5306.0429,0.9103,14350.8772,0.2417,1331.384,0.809,0.7739,0.1657,666.6667,0.1598,307.9922,4554.52,3098.35,154.74,1240.21,932.23,0.0,682.48,884.61,1171.37,675.58,327.48,211.47,410.76,,122.44,212.73,574.51,3500.51,8695.92,2172.44,884.61,0.0,192.38,,,0.6664,19
Jim Hogg,48247,987,686,302,251,386,75,278,1,60,39.4,0,0,0,0,0,0,0,0,0.695,0.2543,963,386,0.0249,0.0,73.0,0.5396,0.1727,0.0,0.8273,22635.49,22298.95,6292665.0,0.1727,298.5612,1607.9137,25977.44,0.175,920.8633,0.3669,0.5036,1960.4317,0.0576,79.1367,3830.9353,28463.41,,,,,0.1978,1564.7482,15776.9784,12775.05,0.0647,68.3453,7262.5899,0.8058,16870.5036,0.2014,1622.3022,0.8058,0.6547,0.3453,1125.8993,0.2518,1600.7194,4485.31,1203.99,168.73,1638.18,,,2527.44,1168.95,1243.45,469.77,485.31,323.49,4342.16,,155.78,1174.08,888.2,9965.83,7501.88,1638.18,1168.95,0.0,102.07,,,0.6567,17
Donley,48129,976,346,630,119,374,72,540,1,61,58.8,4,0,4,1,0,1,0,0,0.3545,0.1219,893,324,0.0929,0.1543,74.0,0.5259,,,,13223.93,13264.6,7140920.0,0.1537,240.7407,1148.1481,22068.91,0.1969,501.8519,0.2537,0.5204,2231.4815,0.0426,46.2963,1187.037,14996.39,0.0222,24.0741,,,0.1407,679.6296,5955.5556,7652.66,0.0444,44.4444,4250.0,0.9019,16544.4444,0.2185,1459.2593,0.8167,0.7204,0.1778,940.7407,0.1519,264.8148,3392.07,1398.47,485.55,638.73,499.89,,1077.04,687.22,1128.09,472.65,415.09,399.69,368.53,,136.67,256.42,1187.9,4713.01,6005.16,1138.62,687.22,10.7,157.22,93.5,0.0,0.9639,12
Hudspeth,48229,965,616,349,299,293,33,211,0,0,0,0,0,0,0,0,0,0,0,0.6383,0.3098,724,214,0.3329,0.3692,72.0,0.4692,,,,7441.18,7317.71,1570089.0,0.109,142.1801,654.0284,18568.81,,488.1517,0.2701,0.3791,1417.0616,,,,,,,,,,,,,,,,0.7109,8450.237,0.128,616.1137,0.6161,0.545,0.128,345.9716,0.0853,189.5735,2024.09,1275.45,105.96,,,,,,635.96,319.34,268.13,219.25,144.74,,78.86,110.07,1039.31,2386.25,3834.91,0,,0.0,0.0,,,,13
Hardeman,48197,942,345,598,131,357,64,547,0,0,0,0,0,0,0,0,0,0,0,0.3662,0.1391,970,362,-0.0289,-0.0138,73.0,0.5448,,,,16659.35,15747.19,9112664.0,0.1609,230.3473,989.0311,19777.73,,698.3547,0.3309,0.7952,7698.3547,0.0585,73.1261,2087.7514,32735.25,0.0219,21.9378,0.0,0.0,0.2066,1692.8702,9866.5448,11054.15,0.0329,34.7349,1595.9781,0.8336,11303.4735,0.3126,1959.7806,0.7166,0.7788,0.649,3162.7057,0.128,252.2852,3181.79,3887.92,169.32,1915.04,524.68,0.0,2283.58,334.35,805.37,443.25,403.3,199.44,528.65,0.0,471.19,282.67,1002.25,5693.78,7964.95,2439.72,334.35,0.0,0.0,,,,15
Baylor,48023,940,312,628,144,358,59,595,1,90,38.6,9,0,9,1,0,1,0,0,0.3319,0.1532,983,366,-0.0437,-0.0219,73.0,0.5042,,,,19859.36,19520.18,11816320.0,0.1782,294.1176,1235.2941,23862.49,0.1965,717.6471,0.3479,0.8185,9853.7815,0.0857,119.3277,3260.5042,43238.28,0.0185,20.1681,0.0,0.0,0.1782,937.8151,8043.6975,7815.99,0.0471,48.7395,3742.8571,0.8252,11060.5042,0.2874,1702.521,0.6874,0.7025,0.7294,3826.8908,0.0471,67.2269,4251.13,4223.24,263.92,3706.14,395.1,0.0,1392.43,739.26,831.15,554.84,392.22,240.12,614.16,,726.47,112.28,1028.77,5225.32,9405.41,4101.24,739.26,25.14,107.82,39.8,0.0,0.4289,6
Fisher,48151,937,340,597,112,391,114,547,0,0,0,16,0,16,1,0,1,0,0,0.3629,0.1195,967,367,-0.031,0.0654,74.0,0.5265,,,,14818.47,14614.76,8105702.0,0.1463,235.8318,1120.6581,22923.31,0.1557,767.8245,0.3455,0.8592,7570.3839,0.053,73.1261,1605.1188,46753.97,,,0.0,0.0,0.0878,312.6143,2254.1133,5618.4,0.0274,27.4223,2945.1554,0.841,9765.9963,0.2377,1325.4113,0.6216,0.7514,0.7002,3228.5192,0.0603,117.0018,3352.59,3394.9,177.63,2478.73,,0.0,493.02,503.88,705.6,480.86,174.73,176.16,327.17,,534.56,151.63,917.96,3329.2,7557.61,2478.73,503.88,40.92,0.0,24.4,0.0,,1
Kinney,48271,926,441,485,161,386,76,469,0,0,0,0,0,0,0,0,0,0,0,0.4762,0.1739,918,340,0.0087,0.1353,74.0,0.5373,,,,12597.2,12961.61,5908086.0,0.1535,232.4094,1136.4606,26172.03,0.1429,633.2623,0.3262,0.71,4330.4904,0.0299,34.1151,942.4307,15103.84,,,0.0,0.0,0.0959,452.0256,2918.9765,6249.82,0.0341,36.2473,1844.3497,0.7868,9567.1642,0.2026,1385.9275,0.7399,0.5949,0.6759,3021.322,0.1407,307.0362,4017.88,2015.42,116.08,450.86,,0.0,599.66,309.07,740.84,453.05,379.47,134.94,668.31,,428.23,347.77,901.21,3852.66,6950.2,450.86,309.07,0.0,0.0,,,,17
Hansford,48195,925,244,682,93,404,109,633,1,60,53.9,0,0,0,0,0,0,0,0,0.2638,0.1005,928,404,-0.0032,0.0,75.0,0.5197,,,,13868.99,13470.53,8779073.0,0.1169,167.4566,764.613,18691.58,0.1683,593.9968,0.2859,0.7694,5761.4534,0.0379,44.2338,635.0711,73993.89,,,0.0,0.0,0.049,178.515,1233.8073,6577.55,0.0316,31.5956,1995.2607,0.8483,9529.2259,0.2291,1440.7583,0.6177,0.7567,0.6872,3462.8752,0.1011,221.169,2185.11,2795.57,308.6,2805.46,,0.0,322.12,346.81,643.43,399.69,204.9,305.27,452.77,,496.13,401.54,1638.07,4062.69,6090.51,2805.46,346.81,0.0,133.42,,,0.8983,17
Garza,48169,890,438,452,135,327,64,386,1,65,33.7,0,0,0,0,0,0,0,0,0.4921,0.1517,860,326,0.0349,0.0031,74.0,0.4741,,,,14187.0,13496.17,5476182.0,0.1477,230.5699,1139.8964,24631.18,0.1667,458.5492,0.2461,0.7306,5696.8912,0.0389,49.2228,1632.1244,56922.6,0.0285,28.4974,,,0.0699,274.6114,2191.7098,6200.1,0.0492,51.8135,3386.0104,0.8627,13761.658,0.2591,1448.1865,0.6995,0.6399,0.1244,691.7098,0.1269,209.8446,3637.25,2628.84,317.82,2212.02,626.68,,433.69,561.9,968.35,467.66,249.62,182.94,596.1,,95.33,164.54,507.23,3033.26,7216.11,2838.7,561.9,0.0,103.06,,,0.5185,14
Knox,48275,877,318,558,167,328,103,518,2,127,75.7,0,0,0,0,0,0,0,0,0.3626,0.1904,853,362,0.0281,-0.0939,74.0,0.5193,,,,15560.15,14787.85,8060157.0,0.1641,250.9653,1138.9961,23966.45,0.2,654.4402,0.3147,0.8069,6407.3359,0.0521,75.2896,2034.749,53715.29,,,0.0,0.0,0.1139,463.3205,3795.3668,6180.61,0.0444,46.332,3349.4208,0.7934,10430.5019,0.2259,1480.695,0.5463,0.6969,0.7625,3959.4595,0.1622,297.2973,3932.72,2833.07,222.47,2799.83,,0.0,703.97,598.55,740.24,413.61,149.7,162.65,307.46,,642.66,348.42,474.51,3181.19,7750.29,2799.83,598.55,0.0,230.79,,,0.5961,14
Sutton,48435,841,243,598,92,360,83,522,0,0,0,0,0,0,0,0,0,0,0,0.2889,0.1094,782,262,0.0754,0.374,74.0,0.5172,,,,13944.16,13983.38,7278853.0,0.1245,183.908,1126.4368,22356.03,0.1959,624.5211,0.2989,0.7969,6978.9272,0.0345,42.1456,756.705,50378.4,0.0249,26.8199,0.0,0.0,0.1226,703.0651,3639.8467,7842.72,0.0326,34.4828,3733.7165,0.8008,9448.2759,0.2356,1417.6245,0.5556,0.7146,0.6609,2795.0192,0.1379,260.5364,2783.8,3925.96,80.97,1737.19,460.7,0.0,961.56,597.82,783.26,462.67,173.34,163.48,343.73,,515.54,277.37,375.55,3316.46,7530.77,2197.89,597.82,0.0,0.0,,,,15
Shackelford,48417,822,305,517,75,303,52,480,0,0,0,0,0,0,0,0,0,0,0,0.371,0.0912,765,296,0.0745,0.0236,74.0,0.5417,,,,14297.67,13823.73,6862881.0,0.1667,254.1667,1279.1667,21821.25,0.1696,550.0,0.2958,0.7354,4479.1667,0.05,54.1667,2568.75,26332.53,0.0354,41.6667,,,0.1313,531.25,3764.5833,6282.5,0.0354,35.4167,1389.5833,0.9042,16529.1667,0.2854,1650.0,0.8333,0.7792,0.1813,733.3333,0.1542,297.9167,3636.88,2102.98,284.79,1316.63,950.77,,824.58,290.57,1253.4,477.3,433.07,199.56,526.58,,107.01,222.73,929.06,4273.26,6724.68,2267.4,290.57,0.0,0.0,,,,13
Martin,48317,820,311,509,84,291,55,437,0,0,0,0,0,0,0,0,0,0,0,0.3793,0.1024,753,263,0.089,0.1065,74.0,0.5355,,,,15259.79,14625.92,6668527.0,0.1236,187.643,1084.6682,27431.61,0.1711,643.0206,0.3135,0.7551,5059.4966,0.0481,59.4966,1549.1991,55091.83,,,0.0,0.0,0.0938,560.6407,3620.1373,8622.52,0.0366,36.6133,3640.7323,0.8261,10302.0595,0.2563,1594.9657,0.6499,0.6819,0.6064,2379.8627,0.1121,292.9062,3389.72,3382.12,270.29,2647.43,,0.0,808.98,602.1,754.89,434.98,243.4,153.71,399.3,,442.86,187.54,460.18,3263.32,7664.65,2647.43,602.1,0.0,0.0,,,,13
Hall,48191,777,327,451,123,298,54,430,1,72,24.5,0,0,0,0,0,0,0,0,0.4208,0.1583,806,328,-0.036,-0.0915,74.0,0.5302,,,,15423.31,15072.83,6632023.0,0.1651,279.0698,1351.1628,22237.03,0.1892,800.0,0.3535,0.6651,3530.2326,0.0535,62.7907,1423.2558,22695.82,0.0326,41.8605,,,0.1558,837.2093,6406.9767,8611.83,0.0488,53.4884,4804.6512,0.7953,11500.0,0.2302,1932.5581,0.6512,0.6884,0.7186,3388.3721,0.1953,418.6047,3671.7,1755.84,377.67,1213.96,895.83,,1341.84,823.84,796.86,400.19,312.0,313.04,794.64,,473.12,745.37,862.71,4894.21,6950.77,2109.79,823.84,0.0,82.21,,,0.3403,13
Concho,48095,775,346,428,101,318,53,410,1,66,39.2,0,0,0,0,0,0,0,0,0.4465,0.1303,729,265,0.0631,0.2,74.0,0.5122,,,,13324.48,12806.76,5463036.0,0.1366,207.3171,978.0488,23932.31,0.131,680.4878,0.3268,0.8488,6712.1951,,,,,,,0.0,0.0,0.0976,529.2683,3158.5366,7767.79,0.0366,36.5854,3943.9024,0.8463,11026.8293,0.2512,1709.7561,0.7854,0.7585,0.3561,1370.7317,0.1171,168.2927,3268.8,3887.88,,,,0.0,757.83,638.91,904.48,541.21,202.76,177.64,402.34,,255.85,181.66,355.86,3056.76,7879.55,0,638.91,0.0,123.27,,,0.5939,14
Crockett,48105,765,317,448,91,273,45,403,1,50,25.0,0,0,0,0,0,0,0,0,0.4144,0.119,728,249,0.0508,0.0964,74.0,0.5037,,,,12271.84,12677.58,4945550.0,0.1514,210.9181,1004.9628,17572.1,,508.6849,0.2705,0.7965,4550.8685,,,,,,,,,0.0943,560.794,2722.0844,8575.48,0.0422,42.1836,6873.4491,0.7692,8468.9826,0.1538,957.8164,0.8015,0.6526,0.6849,2729.5285,0.1538,290.3226,2659.8,2254.97,,,,,808.61,1077.8,678.97,365.46,188.92,133.19,243.69,,344.3,317.89,408.97,2806.65,5598.12,0,1077.8,0.0,91.58,,,0.5,12
Menard,48327,723,294,429,84,307,46,388,1,40,27.8,0,0,0,0,0,0,0,0,0.4066,0.1162,683,252,0.0586,0.2183,74.0,0.5,,,,15038.05,13922.17,5834764.0,0.1443,190.7216,886.5979,21188.65,,530.9278,0.2964,0.7191,4090.2062,0.0335,38.6598,1056.701,47509.85,,,0.0,0.0,0.1186,646.9072,3719.0722,9082.03,0.0515,51.5464,5899.4845,0.8144,8435.567,0.1701,979.3814,0.7912,0.6804,0.6314,3038.6598,0.1392,247.4227,3058.16,3875.77,74.85,1591.82,,0.0,1076.74,945.07,665.24,527.29,332.63,193.19,342.42,0.0,458.8,301.36,1098.31,4167.33,7837.43,1591.82,945.07,0.0,90.55,,,0.695,13
Jeff Davis,48243,711,279,432,38,296,35,386,0,0,0,0,0,0,0,0,0,0,0,0.3924,0.0534,720,256,-0.0125,0.1562,74.0,0.4637,,,,10904.29,10698.43,4209057.0,0.1244,160.6218,917.0984,23090.81,,461.1399,0.2539,0.5803,2901.5544,0.0466,51.8135,1054.4041,33165.7,0.0285,33.6788,,,0.0363,147.6684,862.6943,5939.48,,,,0.8187,9613.9896,0.1736,1018.1347,0.6865,0.6477,0.3834,1101.0363,0.114,334.1969,2871.4,2108.6,201.67,1546.59,706.52,,215.42,,750.14,353.52,207.52,108.6,220.66,,174.62,598.94,526.05,2203.01,6134.13,2253.11,,0.0,0.0,,,,13
Hemphill,48211,683,166,517,36,301,76,476,1,48,40.5,40,0,40,1,0,1,0,0,0.243,0.0527,626,217,0.0911,0.3871,74.0,0.5105,,,,12895.24,12543.99,6138132.0,0.1218,178.5714,764.7059,21387.51,0.1341,779.4118,0.3025,0.8424,7821.4286,0.0399,50.4202,766.8067,44079.93,,,0.0,0.0,0.0714,201.6807,1800.4202,4274.73,0.0273,27.3109,1189.0756,0.8151,9218.4874,0.2038,1331.9328,0.5924,0.7038,0.6029,3865.5462,0.1218,241.5966,2606.04,2653.33,259.67,1759.49,,0.0,305.34,231.71,625.92,408.16,237.38,276.9,309.06,,587.19,256.88,1819.79,4161.58,6184.08,1759.49,231.71,132.89,134.55,7.5,0.0,0.8438,-27
Collingsworth,48087,673,173,501,109,249,42,456,1,76,35.9,0,0,0,0,0,0,0,0,0.2571,0.162,642,258,0.0483,-0.0349,74.0,0.5439,,,,19725.15,18743.45,8994670.0,0.1798,280.7018,1489.0351,24452.42,0.1774,872.807,0.3465,0.7873,6166.6667,0.0592,87.7193,1541.6667,71365.2,,,0.0,0.0,0.114,605.2632,5008.7719,8043.7,0.0307,30.7018,3236.8421,0.7632,9741.2281,0.2368,1695.1754,0.6118,0.7456,0.8268,4934.2105,0.1469,291.6667,4397.15,4477.71,477.15,4225.57,,0.0,917.26,521.41,693.67,450.46,221.61,344.16,446.32,,804.74,463.25,696.83,4124.59,10265.72,4225.57,521.41,0.0,144.18,,,0.4724,11
Crane,48103,668,311,357,93,255,39,295,1,110,65.6,0,0,0,0,0,0,0,0,0.4656,0.1392,677,226,-0.0133,0.1283,73.0,0.5186,,,,15245.51,13837.48,4497426.0,0.1424,220.339,1169.4915,31784.83,,566.1017,0.278,0.6814,4433.8983,0.0441,57.6271,1189.8305,51550.43,,,0.0,0.0,0.0712,474.5763,2569.4915,9116.63,0.0441,50.8475,4989.8305,0.6915,8657.6271,0.1593,1037.2881,0.5186,0.6102,0.5627,2542.3729,0.1424,254.2373,4525.3,2567.64,303.73,2271.71,,0.0,648.98,809.72,634.89,369.77,184.73,150.16,245.13,,345.97,177.12,1609.04,3818.9,7943.56,2271.71,809.72,0.0,257.25,,,0.5964,11
Lipscomb,48295,667,195,472,46,252,41,413,1,40,40.4,0,0,0,0,0,0,0,0,0.2924,0.069,609,212,0.0952,0.1887,75.0,0.5133,,,,13982.1,13722.98,5774606.0,0.1356,210.6538,1111.3801,26202.76,0.1899,709.4431,0.3172,0.7361,4794.1889,0.0605,84.7458,1576.2712,44535.55,,,,,0.0702,186.4407,992.7361,4121.21,,,,0.8087,8847.4576,0.2155,1169.4915,0.6392,0.6998,0.5956,3065.3753,0.1404,249.3947,3552.92,2628.38,139.61,2695.86,,,289.38,,628.21,505.28,297.15,306.33,244.83,,432.27,341.28,1334.07,3532.24,7167.47,2695.86,,0.0,160.32,,,1.01,11
Upton,48461,657,281,376,84,212,40,296,1,30,27.2,0,0,0,0,0,0,0,0,0.4277,0.1279,587,194,0.1193,0.0928,73.0,0.473,,,,25621.32,24815.01,7583909.0,0.1689,280.4054,1543.9189,30636.79,0.1842,864.8649,0.3581,0.7534,6300.6757,0.0642,87.8378,1584.4595,152878.96,,,,,0.0642,358.1081,2283.7838,8142.82,0.0473,57.4324,2986.4865,0.7601,10246.6216,0.1959,1327.7027,0.4696,0.6486,0.6385,3128.3784,0.152,351.3514,5175.13,4162.15,96.38,9813.18,,,522.68,539.87,791.11,403.7,216.23,166.3,520.02,,687.09,328.86,1321.1,4224.53,10166.22,9813.18,539.87,0.0,128.3,,,0.9067,9
Schleicher,48413,645,222,423,95,256,45,371,1,34,31.0,0,0,0,0,0,0,0,0,0.3442,0.1473,594,190,0.0859,0.3474,74.0,0.4879,,,,13274.01,12557.45,4924656.0,0.1456,207.5472,1016.1725,18043.22,,644.2049,0.3019,0.8544,8234.5013,,,,,,,0.0,0.0,0.0755,355.7951,1716.9811,6448.26,,,,0.841,9773.5849,0.2129,1285.7143,0.7143,0.7305,0.5418,2159.0296,0.1132,210.2426,2626.24,5040.12,,,,0.0,486.66,,811.38,388.84,245.32,165.76,364.5,,514.76,245.78,247.08,2835.46,8300.98,0,,0.0,121.09,,,0.9118,11
Edwards,48137,638,299,339,68,258,44,299,0,0,0,0,0,0,0,0,0,0,0,0.4687,0.1066,539,189,0.1837,0.3651,73.0,0.4582,,,,10090.97,9753.63,3017201.0,0.1104,173.913,916.388,25003.73,,458.194,0.2408,0.6288,3367.893,,,,,,,,,0.0468,183.9465,1003.3445,5776.19,,,,0.7893,10648.8294,0.1472,1050.1672,0.6722,0.6087,0.4415,1802.6756,0.1104,224.0803,2759.61,1695.81,94.79,,,,270.46,,821.55,428.6,225.56,210.22,226.74,,198.32,284.0,569.99,2522.84,5262.81,0,,0.0,0.0,,,,11
Dickens,48125,584,241,343,82,221,47,299,0,0,0,0,0,0,0,0,0,0,0,0.4127,0.1404,540,195,0.0815,0.1333,74.0,0.5251,,,,15130.34,14633.32,4523970.0,0.1706,254.1806,1468.2274,23843.18,,635.4515,0.311,0.709,4180.602,0.0502,56.8562,2725.7525,20401.26,,,0.0,0.0,0.0903,441.4716,2953.1773,7241.09,0.0535,60.2007,6525.0836,0.8462,12618.7291,0.2441,1501.6722,0.6589,0.6957,0.3779,1033.4448,0.1171,257.5251,4066.9,2335.15,197.45,1023.47,,0.0,653.88,1071.49,883.58,425.19,252.68,153.07,686.46,,227.09,282.36,1614.98,4471.74,7307.05,1023.47,1071.49,0.0,0.0,,,,9
Cochran,48079,536,281,255,120,199,41,212,0,0,0,0,0,0,0,0,0,0,0,0.5243,0.2239,559,199,-0.0411,0.0,74.0,0.4623,,,,10637.5,10575.07,2255149.0,0.1179,141.5094,584.9057,15680.95,,589.6226,0.2642,0.7594,4278.3019,,,,,,,0.0,0.0,0.1132,419.8113,2603.7736,5795.96,,,,0.783,7896.2264,0.2547,1301.8868,0.5849,0.6792,0.6651,2698.1132,0.1368,245.283,1849.17,2443.93,109.62,,,0.0,656.15,,561.11,231.93,155.04,154.29,530.55,,387.64,197.9,446.09,2890.87,4832.55,0,,0.0,0.0,,,,9
Armstrong,48011,518,191,326,45,182,36,287,1,66,32.0,20,0,20,1,0,1,0,0,0.3687,0.0869,448,157,0.1562,0.1592,74.0,0.5505,,,,13215.02,13816.2,3792710.0,0.1463,247.3868,1149.8258,19696.09,,526.1324,0.2962,0.5331,2414.6341,0.0557,66.2021,1794.4251,14534.3,,,,,0.0976,400.6969,3951.2195,7010.98,0.0453,48.7805,7843.2056,0.9129,15668.9895,0.2369,1439.0244,0.8188,0.7979,0.2927,1205.5749,0.1254,195.122,2882.36,1063.7,495.5,810.27,,,684.0,1239.4,1053.05,481.26,381.36,412.91,323.43,,140.68,144.8,1890.34,4885.77,5067.62,810.27,1239.4,109.89,175.82,9.1,0.0,0.4848,-12
Hartley,48205,516,144,372,42,235,50,355,0,0,0,0,0,0,0,0,0,0,0,0.2791,0.0814,664,330,-0.2229,-0.2879,76.0,0.5465,,,,13412.85,13120.09,4761562.0,0.1352,200.0,690.1408,22002.97,,718.3099,0.3352,0.7493,6833.8028,0.0423,50.7042,923.9437,42498.37,,,0.0,0.0,0.0592,250.7042,1766.1972,6915.94,0.031,33.8028,2166.1972,0.8366,10735.2113,0.2817,1630.9859,0.7155,0.7352,0.5324,1878.8732,0.1268,245.0704,2975.05,2624.36,456.74,1795.71,,0.0,409.11,364.14,742.73,482.83,336.95,417.8,347.36,,272.26,265.1,1504.95,4031.16,6804.08,1795.71,364.14,0.0,0.0,,,,10
Culberson,48109,511,183,328,105,202,29,289,0,0,0,0,0,0,0,0,0,0,0,0.3581,0.2055,552,177,-0.0743,0.1412,73.0,0.5329,,,,20217.95,19674.02,5842987.0,0.1869,266.436,1546.7128,23629.06,0.1667,851.2111,0.3529,0.699,5487.8893,0.0554,89.9654,2456.7474,126153.7,,,,,0.0934,442.9066,3591.6955,6971.29,,,,0.692,12176.4706,0.2042,1207.6125,0.4983,0.6574,0.5986,3152.2491,0.083,207.6125,4415.12,3116.65,158.54,6984.29,,,651.3,,933.45,347.64,232.75,224.43,434.17,,797.28,130.07,596.16,3869.54,8168.02,6984.29,,0.0,0.0,,,,9
Reagan,48383,487,188,298,66,155,21,236,1,36,29.7,0,0,0,0,0,0,0,0,0.386,0.1355,445,133,0.0944,0.1654,73.0,0.5212,,,,12150.27,11357.62,2867463.0,0.1059,190.678,1228.8136,47110.62,0.2683,601.6949,0.2881,0.8263,6055.0847,,,,,,,0.0,0.0,,,,,,,,0.8263,8597.4576,0.1568,957.6271,0.6653,0.6822,0.5508,2076.2712,0.0636,122.8814,4990.53,3283.46,,,,0.0,,,679.11,395.73,215.4,129.13,434.4,,326.64,89.6,273.07,2057.75,8759.32,0,,0.0,191.61,,,0.825,7
Oldham,48359,455,151,304,36,182,31,249,0,0,0,0,0,0,0,0,0,0,0,0.3319,0.0791,443,165,0.0271,0.103,74.0,0.5622,,,,11489.39,11662.02,2860858.0,0.1727,212.8514,1056.2249,15986.62,,377.51,0.2249,0.5703,2867.4699,,,,,,,0.0,0.0,0.0843,253.012,1915.6627,4751.56,,,,0.8795,15658.6345,0.3052,1907.6305,0.8434,0.7952,0.0843,297.1888,0.0643,92.3695,2760.74,1996.08,545.22,,,0.0,400.73,,1085.23,585.17,531.05,469.63,215.14,,44.12,84.49,1418.81,4164.71,5971.7,0,,0.0,0.0,,,,8
Briscoe,48045,424,157,267,40,178,40,243,0,0,0,0,0,0,0,0,0,0,0,0.3703,0.0943,399,168,0.0627,0.0595,76.0,0.5309,,,,17663.0,17160.65,4292109.0,0.1605,230.4527,991.7695,23442.94,,613.1687,0.321,0.8066,6078.1893,0.0494,61.7284,1370.3704,33348.65,,,0.0,0.0,0.1276,720.1646,6197.5309,8831.92,0.07,69.9588,8263.3745,0.8272,10633.7449,0.2387,1374.4856,0.7284,0.7572,0.7366,3246.9136,0.1523,259.2593,3762.45,3891.23,283.48,1646.85,,0.0,1126.71,1347.06,753.65,434.23,326.87,321.02,407.51,,367.8,285.97,2190.14,5493.7,8657.36,1646.85,1347.06,0.0,0.0,,,,8
Cottle,48101,409,188,221,53,152,25,196,0,0,0,0,0,0,0,0,0,0,0,0.4597,0.1296,414,143,-0.0121,0.0629,73.0,0.5153,,,,9989.63,9831.22,1957967.0,0.1122,163.2653,780.6122,18206.05,,556.1224,0.2959,0.6378,3846.9388,,,,,,,0.0,0.0,0.0816,270.4082,2357.1429,6064.44,,,,0.7653,9091.8367,0.1735,1142.8571,0.6173,0.6327,0.7194,3571.4286,0.1224,224.4898,2043.54,1875.73,220.68,,,0.0,495.06,,582.6,395.51,222.03,165.17,230.38,0.0,497.7,227.26,634.38,2827.32,4762.72,0,,0.0,0.0,,,,7
Stonewall,48433,402,106,296,59,168,39,274,1,53,48.4,0,0,0,0,0,0,0,0,0.2637,0.1468,358,147,0.1229,0.1429,75.0,0.5584,,,,23046.4,21969.64,6314713.0,0.2226,364.9635,1616.7883,24004.47,0.1684,905.1095,0.4234,0.8759,11394.1606,0.0803,109.4891,1686.1314,77466.85,,,,,0.062,284.6715,2346.7153,7478.52,,,,0.8686,11562.0438,0.1971,1423.3577,0.635,0.7956,0.7847,4554.7445,0.1752,357.6642,5344.06,5616.44,352.05,6219.97,,,464.0,,919.34,693.68,179.89,214.21,278.83,0.0,1045.07,343.77,441.48,3542.82,12350.0,6219.97,,0.0,288.1,,,0.9132,7
Irion,48235,396,151,245,30,138,24,193,0,0,0,0,0,0,0,0,0,0,0,0.3813,0.0758,358,127,0.1061,0.0866,73.0,0.5233,,,,18078.14,18394.12,3489081.0,0.1658,269.4301,1393.7824,27271.99,,580.3109,0.2642,0.8394,6471.5026,,,,,,,,,0.0829,476.6839,2808.2902,8179.23,0.0622,62.1762,7305.6995,0.9016,13917.0984,0.2591,1367.8756,0.8446,0.8031,0.0725,259.0674,0.1088,207.2539,4521.78,5139.18,,,,,678.07,1157.23,1253.78,638.94,283.1,218.3,312.43,,45.72,170.8,494.63,3286.03,10470.7,0,1157.23,0.0,0.0,,,,6
Throckmorton,48447,388,125,263,38,161,43,261,0,0,0,0,0,0,0,0,0,0,0,0.3222,0.0979,401,185,-0.0324,-0.1297,75.0,0.5441,,,,16843.2,16243.59,4396074.0,0.1379,191.5709,827.5862,23339.56,,570.8812,0.3027,0.8391,7938.6973,0.0575,72.7969,1819.9234,63580.05,,,0.0,0.0,0.1073,628.3525,3766.2835,8830.22,0.0536,57.4713,6567.0498,0.8199,8164.751,0.1992,1157.0881,0.6054,0.7088,0.728,2969.3487,0.1341,252.8736,3219.25,4577.17,88.88,3654.03,,0.0,947.3,1097.1,627.49,348.91,225.16,174.98,230.2,0.0,586.34,321.74,421.0,3212.47,8555.95,3654.03,1097.1,0.0,0.0,,,,7
Sherman,48421,384,114,270,28,162,30,256,1,26,19.9,0,0,0,0,0,0,0,0,0.2969,0.0729,388,157,-0.0103,0.0318,74.0,0.5273,,,,10743.76,10914.96,2750401.0,0.1563,214.8438,1093.75,18317.89,,617.1875,0.3047,0.6289,3476.5625,,,,,,,0.0,0.0,0.0781,277.3438,1644.5313,5383.24,,,,0.8594,12371.0938,0.2422,1406.25,0.8086,0.707,0.5313,2480.4688,0.1094,214.8438,2862.17,1709.28,568.4,,,0.0,420.57,,854.92,397.19,318.83,271.17,370.12,0.0,245.77,275.45,718.59,3199.97,5812.49,0,,0.0,122.84,,,0.7654,7
Foard,48155,364,131,233,57,150,24,207,1,67,43.3,0,0,0,0,0,0,0,0,0.3599,0.1566,344,135,0.0581,0.1111,74.0,0.5072,,,,19239.33,18490.37,3982541.0,0.1836,265.7005,1019.3237,25395.18,,768.1159,0.3527,0.7488,5719.8068,0.0918,111.1111,4381.6425,29470.59,,,,,0.1787,1106.2802,6710.1449,9013.49,0.0773,77.2947,7342.9952,0.8164,15053.1401,0.256,1937.1981,0.6329,0.7053,0.599,2198.0676,0.1594,323.6715,4661.92,2299.75,440.63,2705.03,,,1611.11,1253.52,1060.65,593.51,296.14,271.41,443.98,,251.28,502.53,1411.77,5346.34,8498.34,2705.03,1253.52,0.0,288.67,,,0.6463,6
Motley,48345,357,121,236,50,151,28,218,1,50,24.6,0,0,0,0,0,0,0,0,0.3389,0.1401,361,154,-0.0111,-0.0195,75.0,0.555,,,,18342.75,17898.77,3998719.0,0.1514,238.5321,1233.945,24261.7,,472.4771,0.2569,0.6376,3119.2661,0.055,91.7431,5178.8991,36238.58,,,0.0,0.0,0.0642,197.2477,1270.6422,5633.09,0.0642,68.8073,4467.8899,0.8899,12229.3578,0.2752,1454.1284,0.7202,0.7202,0.3394,1146.789,0.1468,316.5138,3672.64,2003.69,151.16,1994.78,,0.0,361.76,739.19,837.82,508.02,201.04,191.96,492.35,,159.97,435.11,5194.57,7439.47,6770.62,1994.78,739.19,0.0,162.91,,,0.492,6
Sterling,48431,253,78,175,28,77,0,156,1,44,22.0,0,0,0,0,0,0,0,0,0.3083,0.1107,239,71,0.0586,0.0845,74.0,0.5128,,,,18481.14,19112.57,2883058.0,0.1923,256.4103,1237.1795,16188.14,,634.6154,0.3205,0.8718,5403.8462,,,,,,,0.0,0.0,0.1154,679.4872,3628.2051,8138.53,,,,0.9423,15480.7692,0.2756,1589.7436,0.8846,0.7821,,,0.1603,358.9744,3113.1,4418.07,,,,0.0,939.06,,1195.35,477.91,188.28,243.88,1542.25,,,262.06,252.24,4361.06,8271.14,0,,0.0,285.71,,,0.5,3
Terrell,48443,239,118,121,27,93,17,107,0,0,0,0,0,0,0,0,0,0,0,0.4937,0.113,246,88,-0.0285,0.0568,75.0,0.486,,,,9179.23,8255.75,982177.0,0.1308,140.1869,663.5514,21734.0,0.0,401.8692,0.2523,0.6449,3336.4486,,,,,0.0,0.0,0.0,0.0,,,,,,,,0.7009,5626.1682,,,0.5514,0.6355,0.7009,3168.2243,0.1589,299.0654,2843.7,1543.4,,,0.0,0.0,,,458.91,365.46,150.7,129.58,,0.0,474.81,833.39,258.59,1472.59,5585.95,0,,0.0,0.0,,,,4
Kent,48263,223,96,127,30,95,16,111,1,60,51.1,0,0,0,0,0,0,0,0,0.4305,0.1345,205,76,0.0878,0.25,76.0,0.5676,,,,12839.07,12275.78,1425136.0,0.1081,135.1351,369.3694,20261.29,0.0,297.2973,0.2523,0.7748,6378.3784,,,,,0.0,0.0,0.0,0.0,,,,,,,,0.8288,8090.0901,0.1982,954.955,0.6577,0.7117,0.6667,3333.3333,0.1171,117.1171,2190.41,4034.42,,,0.0,0.0,,,610.19,379.83,222.33,180.25,328.34,,711.59,144.26,1389.37,3442.07,6748.92,0,,0.0,537.89,,,0.8517,4
Glasscock,48173,197,44,153,,0,0,139,0,0,0,0,0,0,0,0,0,0,0,0.2234,,192,0,0.026,,75.0,0.5108,,,,10544.11,10243.12,1465631.0,0.1151,172.6619,503.5971,24683.67,,489.2086,0.223,0.7482,3669.0647,,,,,,,0.0,0.0,0.0791,561.1511,3064.7482,9429.03,,,,0.8489,9913.6691,0.223,1424.4604,0.7554,0.6475,0.2302,611.5108,0.1367,251.7986,2841.29,1838.59,,,,0.0,746.18,,739.88,425.67,217.99,133.88,350.35,,116.15,210.56,516.7,2821.13,5316.11,0,,0.0,0.0,,,,0
McMullen,48311,191,91,100,20,71,16,81,0,0,0,0,0,0,0,0,0,0,0,0.4764,0.1047,190,0,0.0053,,76.0,0.4691,0.8642,0.0,0.1358,16679.47,15900.64,1351037.0,0.1852,283.9506,1172.8395,24971.14,,654.321,0.2963,0.5062,2703.7037,,,,,,,0.0,0.0,0.1481,679.0123,3925.9259,6537.04,,,,0.8395,12320.9877,0.2593,962.963,0.8148,0.6543,0.4321,1320.9877,0.1481,407.4074,4624.29,1673.1,,,,0.0,968.45,,975.6,399.99,324.58,285.4,194.58,0.0,183.24,439.11,3835.49,6767.34,7136.49,0,,0.0,0.0,,,,3
Roberts,48393,190,59,130,,68,0,121,0,0,0,0,0,0,0,0,0,0,0,0.3105,,178,0,0.0674,,75.0,0.562,,,,7073.05,7684.27,855838.0,,,,,,338.843,0.2149,0.7025,3214.876,0.0,0.0,0.0,0.0,0.0,0.0,0.0,0.0,,,,,,,,0.8678,8578.5124,0.2479,1545.4545,0.6942,0.7273,0.595,2314.0496,,,,936.29,401.58,0.0,0.0,0.0,,,541.59,396.87,252.03,283.45,242.0,0.0,281.67,,2835.57,4436.31,1734.74,0,,0.0,0.0,,,,3
Borden,48033,104,29,75,,0,0,77,0,0,0,0,0,0,0,0,0,0,0,0.2788,,132,0,-0.2121,,77.0,0.5584,,,,14979.11,14833.21,1153391.0,,,,,,480.5195,0.2857,0.8442,5935.0649,,,,,,,0.0,0.0,,,,,,,,0.8831,14051.9481,0.2987,1662.3377,0.6883,0.7792,0.4675,1987.013,,,,3768.77,,,,0.0,,,976.44,759.93,303.86,171.45,307.17,0.0,467.3,,1496.68,3722.9,4528.7,0,,0.0,0.0,,,,0
Kenedy,48261,53,31,21,14,0,0,21,0,0,0,0,0,0,0,0,0,0,0,0.5849,0.2642,48,0,0.1042,,71.0,,,,,20572.7,19868.99,432026.0,,,,,,523.8095,0.2381,0.5714,1761.9048,,,,,,,0.0,0.0,,,,,,,,0.8571,19666.6667,,,0.8571,0.7143,,,,,,355.39,,,,0.0,,,1414.0,,414.47,242.75,,0.0,,,,2071.22,355.39,0,,0.0,0.0,,,,0
King,48269,37,16,21,,0,0,15,0,0,0,0,0,0,0,0,0,0,0,0.4324,,36,0,0.0278,,67.0,,1.0,0.0,0.0,9474.12,8372.01,142111.0,,,,,0.0,,,0.7333,3400.0,0.0,0.0,0.0,0.0,0.0,0.0,0.0,0.0,0.0,0.0,0.0,0.0,,,,,,,,,,,,0.0,0.0,,1780.3,,0.0,0.0,0.0,0.0,,,,,,,0.0,,0.0,,0,1780.3,0,,0.0,0.0,,,,0
Loving,48301,16,,,,0,0,0,0,0,0,0,0,0,0,0,0,0,0,,,15,0,0.0667,,,,,,,,,,,,,,,,,,,,,,,,,,,,,,,,,,,,,,,,,,,,,,,,,,,,,,,,,,,,,0,0,0,,0.0,0.0,,,,0
